"Label (Grouping)","Atlanta-Sandy Springs-Roswell, GA Metro Area!!Total!!Estimate","Atlanta-Sandy Springs-Roswell, GA Metro Area!!Car, truck, or van -- drove alone!!Estimate","Atlanta-Sandy Springs-Roswell, GA Metro Area!!Car, truck, or van -- carpooled!!Estimate","Atlanta-Sandy Springs-Roswell, GA Metro Area!!Public transportation (excluding taxicab)!!Estimate","Atlanta-Sandy Springs-Roswell, GA Metro Area!!Worked from home!!Estimate","Austin-Round Rock-San Marcos, TX Metro Area!!Total!!Estimate","Austin-Round Rock-San Marcos, TX Metro Area!!Car, truck, or van -- drove alone!!Estimate","Austin-Round Rock-San Marcos, TX Metro Area!!Car, truck, or van -- carpooled!!Estimate","Austin-Round Rock-San Marcos, TX Metro Area!!Public transportation (excluding taxicab)!!Estimate","Austin-Round Rock-San Marcos, TX Metro Area!!Worked from home!!Estimate","Baltimore-Columbia-Towson, MD Metro Area!!Total!!Estimate","Baltimore-Columbia-Towson, MD Metro Area!!Car, truck, or van -- drove alone!!Estimate","Baltimore-Columbia-Towson, MD Metro Area!!Car, truck, or van -- carpooled!!Estimate","Baltimore-Columbia-Towson, MD Metro Area!!Public transportation (excluding taxicab)!!Estimate","Baltimore-Columbia-Towson, MD Metro Area!!Worked from home!!Estimate","Charlotte-Concord-Gastonia, NC-SC Metro Area!!Total!!Estimate","Charlotte-Concord-Gastonia, NC-SC Metro Area!!Car, truck, or van -- drove alone!!Estimate","Charlotte-Concord-Gastonia, NC-SC Metro Area!!Car, truck, or van -- carpooled!!Estimate","Charlotte-Concord-Gastonia, NC-SC Metro Area!!Public transportation (excluding taxicab)!!Estimate","Charlotte-Concord-Gastonia, NC-SC Metro Area!!Worked from home!!Estimate","Dallas-Fort Worth-Arlington, TX Metro Area!!Total!!Estimate","Dallas-Fort Worth-Arlington, TX Metro Area!!Car, truck, or van -- drove alone!!Estimate","Dallas-Fort Worth-Arlington, TX Metro Area!!Car, truck, or van -- carpooled!!Estimate","Dallas-Fort Worth-Arlington, TX Metro Area!!Public transportation (excluding taxicab)!!Estimate","Dallas-Fort Worth-Arlington, TX Metro Area!!Worked from home!!Estimate","Denver-Aurora-Centennial, CO Metro Area!!Total!!Estimate","Denver-Aurora-Centennial, CO Metro Area!!Car, truck, or van -- drove alone!!Estimate","Denver-Aurora-Centennial, CO Metro Area!!Car, truck, or van -- carpooled!!Estimate","Denver-Aurora-Centennial, CO Metro Area!!Public transportation (excluding taxicab)!!Estimate","Denver-Aurora-Centennial, CO Metro Area!!Worked from home!!Estimate","Houston-Pasadena-The Woodlands, TX Metro Area!!Total!!Estimate","Houston-Pasadena-The Woodlands, TX Metro Area!!Car, truck, or van -- drove alone!!Estimate","Houston-Pasadena-The Woodlands, TX Metro Area!!Car, truck, or van -- carpooled!!Estimate","Houston-Pasadena-The Woodlands, TX Metro Area!!Public transportation (excluding taxicab)!!Estimate","Houston-Pasadena-The Woodlands, TX Metro Area!!Worked from home!!Estimate","Jacksonville, FL Metro Area!!Total!!Estimate","Jacksonville, FL Metro Area!!Car, truck, or van -- drove alone!!Estimate","Jacksonville, FL Metro Area!!Car, truck, or van -- carpooled!!Estimate","Jacksonville, FL Metro Area!!Public transportation (excluding taxicab)!!Estimate","Jacksonville, FL Metro Area!!Worked from home!!Estimate","Miami-Fort Lauderdale-West Palm Beach, FL Metro Area!!Total!!Estimate","Miami-Fort Lauderdale-West Palm Beach, FL Metro Area!!Car, truck, or van -- drove alone!!Estimate","Miami-Fort Lauderdale-West Palm Beach, FL Metro Area!!Car, truck, or van -- carpooled!!Estimate","Miami-Fort Lauderdale-West Palm Beach, FL Metro Area!!Public transportation (excluding taxicab)!!Estimate","Miami-Fort Lauderdale-West Palm Beach, FL Metro Area!!Worked from home!!Estimate","Minneapolis-St. Paul-Bloomington, MN-WI Metro Area!!Total!!Estimate","Minneapolis-St. Paul-Bloomington, MN-WI Metro Area!!Car, truck, or van -- drove alone!!Estimate","Minneapolis-St. Paul-Bloomington, MN-WI Metro Area!!Car, truck, or van -- carpooled!!Estimate","Minneapolis-St. Paul-Bloomington, MN-WI Metro Area!!Public transportation (excluding taxicab)!!Estimate","Minneapolis-St. Paul-Bloomington, MN-WI Metro Area!!Worked from home!!Estimate","Nashville-Davidson--Murfreesboro--Franklin, TN Metro Area!!Total!!Estimate","Nashville-Davidson--Murfreesboro--Franklin, TN Metro Area!!Car, truck, or van -- drove alone!!Estimate","Nashville-Davidson--Murfreesboro--Franklin, TN Metro Area!!Car, truck, or van -- carpooled!!Estimate","Nashville-Davidson--Murfreesboro--Franklin, TN Metro Area!!Public transportation (excluding taxicab)!!Estimate","Nashville-Davidson--Murfreesboro--Franklin, TN Metro Area!!Worked from home!!Estimate","Orlando-Kissimmee-Sanford, FL Metro Area!!Total!!Estimate","Orlando-Kissimmee-Sanford, FL Metro Area!!Car, truck, or van -- drove alone!!Estimate","Orlando-Kissimmee-Sanford, FL Metro Area!!Car, truck, or van -- carpooled!!Estimate","Orlando-Kissimmee-Sanford, FL Metro Area!!Public transportation (excluding taxicab)!!Estimate","Orlando-Kissimmee-Sanford, FL Metro Area!!Worked from home!!Estimate","Phoenix-Mesa-Chandler, AZ Metro Area!!Total!!Estimate","Phoenix-Mesa-Chandler, AZ Metro Area!!Car, truck, or van -- drove alone!!Estimate","Phoenix-Mesa-Chandler, AZ Metro Area!!Car, truck, or van -- carpooled!!Estimate","Phoenix-Mesa-Chandler, AZ Metro Area!!Public transportation (excluding taxicab)!!Estimate","Phoenix-Mesa-Chandler, AZ Metro Area!!Worked from home!!Estimate","Portland-Vancouver-Hillsboro, OR-WA Metro Area!!Total!!Estimate","Portland-Vancouver-Hillsboro, OR-WA Metro Area!!Car, truck, or van -- drove alone!!Estimate","Portland-Vancouver-Hillsboro, OR-WA Metro Area!!Car, truck, or van -- carpooled!!Estimate","Portland-Vancouver-Hillsboro, OR-WA Metro Area!!Public transportation (excluding taxicab)!!Estimate","Portland-Vancouver-Hillsboro, OR-WA Metro Area!!Worked from home!!Estimate","Raleigh-Cary, NC Metro Area!!Total!!Estimate","Raleigh-Cary, NC Metro Area!!Car, truck, or van -- drove alone!!Estimate","Raleigh-Cary, NC Metro Area!!Car, truck, or van -- carpooled!!Estimate","Raleigh-Cary, NC Metro Area!!Public transportation (excluding taxicab)!!Estimate","Raleigh-Cary, NC Metro Area!!Worked from home!!Estimate","St. Louis, MO-IL Metro Area!!Total!!Estimate","St. Louis, MO-IL Metro Area!!Car, truck, or van -- drove alone!!Estimate","St. Louis, MO-IL Metro Area!!Car, truck, or van -- carpooled!!Estimate","St. Louis, MO-IL Metro Area!!Public transportation (excluding taxicab)!!Estimate","St. Louis, MO-IL Metro Area!!Worked from home!!Estimate","San Antonio-New Braunfels, TX Metro Area!!Total!!Estimate","San Antonio-New Braunfels, TX Metro Area!!Car, truck, or van -- drove alone!!Estimate","San Antonio-New Braunfels, TX Metro Area!!Car, truck, or van -- carpooled!!Estimate","San Antonio-New Braunfels, TX Metro Area!!Public transportation (excluding taxicab)!!Estimate","San Antonio-New Braunfels, TX Metro Area!!Worked from home!!Estimate","Seattle-Tacoma-Bellevue, WA Metro Area!!Total!!Estimate","Seattle-Tacoma-Bellevue, WA Metro Area!!Car, truck, or van -- drove alone!!Estimate","Seattle-Tacoma-Bellevue, WA Metro Area!!Car, truck, or van -- carpooled!!Estimate","Seattle-Tacoma-Bellevue, WA Metro Area!!Public transportation (excluding taxicab)!!Estimate","Seattle-Tacoma-Bellevue, WA Metro Area!!Worked from home!!Estimate","Tampa-St. Petersburg-Clearwater, FL Metro Area!!Total!!Estimate","Tampa-St. Petersburg-Clearwater, FL Metro Area!!Car, truck, or van -- drove alone!!Estimate","Tampa-St. Petersburg-Clearwater, FL Metro Area!!Car, truck, or van -- carpooled!!Estimate","Tampa-St. Petersburg-Clearwater, FL Metro Area!!Public transportation (excluding taxicab)!!Estimate","Tampa-St. Petersburg-Clearwater, FL Metro Area!!Worked from home!!Estimate"
"Workers 16 years and over","3,198,121","2,145,215","284,904","48,500","609,408","1,362,972","859,619","102,746","12,106","339,824","1,447,749","995,081","105,441","49,824","235,921","1,447,403","965,118","115,728","13,232","310,722","4,175,270","2,915,925","424,777","29,529","687,812","1,687,286","1,077,222","126,109","38,945","377,021","3,637,465","2,617,934","392,408","51,570","459,609","831,679","563,567","75,027","4,146","160,263","3,094,915","2,118,609","300,250","85,239","451,688","2,001,766","1,350,106","152,926","40,985","382,847","1,124,096","806,994","84,422","7,968","195,295","1,414,255","962,009","140,986","14,019","247,248","2,486,869","1,628,605","252,799","29,802","481,980","1,312,917","814,880","104,025","39,703","278,415","797,244","522,377","52,134","4,720","195,326","1,427,286","1,072,461","99,879","16,491","199,092","1,308,238","908,611","149,495","16,647","193,286","2,145,375","1,296,169","178,223","121,245","436,144","1,609,870","1,068,298","148,498","16,844","314,698"
"    AGE","","","","","","","","","","","","","","","","","","","","","","","","","","","","","","","","","","","","","","","","","","","","","","","","","","","","","","","","","","","","","","","","","","","","","","","","","","","","","","","","","","","","","","","","","","","","","","",""
"        16 to 19 years","3.7%","3.5%","8.2%","6.4%","1.2%","2.9%","2.8%","6.8%","2.9%","1.1%","3.4%","2.8%","9.6%","6.7%","1.3%","3.7%","3.9%","8.1%","3.1%","1.1%","3.6%","3.4%","7.6%","3.9%","1.2%","3.5%","3.7%","7.9%","3.7%","0.8%","3.3%","3.0%","6.1%","6.5%","1.1%","3.6%","3.3%","7.9%","3.5%","1.3%","2.5%","2.1%","5.4%","2.4%","1.0%","4.4%","4.3%","9.6%","5.6%","1.3%","3.7%","3.5%","9.4%","6.2%","1.3%","3.0%","3.0%","5.7%","3.6%","0.8%","3.9%","4.0%","6.6%","5.4%","1.0%","2.9%","2.7%","6.4%","5.4%","0.5%","3.6%","3.7%","8.2%","2.2%","1.1%","4.0%","3.8%","9.7%","8.1%","0.8%","3.6%","3.0%","6.3%","2.8%","2.6%","2.6%","2.6%","5.3%","2.0%","0.8%","3.2%","2.9%","6.8%","7.5%","1.2%"
"        20 to 24 years","8.6%","8.7%","11.5%","17.1%","4.8%","8.9%","9.1%","14.1%","25.4%","4.4%","7.8%","8.0%","8.7%","11.4%","4.0%","8.5%","8.5%","11.4%","17.9%","6.2%","9.1%","9.4%","12.6%","10.3%","4.4%","8.1%","8.8%","12.5%","9.1%","3.8%","9.3%","9.4%","12.5%","11.1%","4.6%","8.4%","9.1%","11.1%","15.6%","4.5%","7.3%","7.2%","9.6%","12.2%","4.0%","8.6%","8.6%","12.1%","14.7%","4.8%","9.4%","10.0%","10.2%","9.4%","5.4%","8.6%","8.9%","10.9%","13.7%","5.5%","10.0%","9.9%","15.6%","17.4%","5.3%","8.0%","8.2%","11.7%","14.0%","3.3%","8.4%","9.3%","8.9%","20.0%","4.4%","8.5%","8.6%","12.7%","19.0%","3.1%","9.8%","9.6%","13.9%","11.1%","5.5%","8.2%","8.3%","10.2%","14.9%","3.7%","8.1%","8.7%","9.9%","8.6%","4.6%"
"        25 to 44 years","44.4%","43.7%","44.6%","39.9%","47.4%","51.1%","50.0%","50.6%","44.0%","55.6%","44.6%","44.7%","43.9%","44.3%","44.7%","44.8%","43.0%","43.4%","42.9%","51.3%","46.7%","46.1%","47.1%","45.4%","50.2%","50.2%","48.6%","49.9%","54.5%","54.6%","46.8%","46.6%","46.4%","44.2%","49.6%","45.1%","44.5%","45.5%","54.4%","46.1%","41.4%","40.7%","40.0%","43.0%","45.0%","45.0%","44.5%","42.5%","47.8%","48.1%","46.9%","45.7%","47.7%","53.5%","51.5%","47.4%","46.6%","44.1%","43.6%","52.8%","45.4%","45.0%","44.3%","47.6%","48.6%","48.1%","46.7%","48.4%","51.7%","52.1%","46.2%","44.7%","41.5%","59.5%","52.4%","44.2%","43.9%","45.5%","33.8%","47.3%","47.6%","47.3%","49.0%","52.9%","49.5%","50.2%","48.0%","50.1%","55.6%","54.4%","44.3%","43.4%","47.5%","51.6%","45.4%"
"        45 to 54 years","21.6%","21.5%","20.8%","19.3%","23.7%","19.3%","19.2%","18.5%","11.9%","20.9%","19.7%","19.2%","20.1%","15.9%","23.6%","21.2%","21.4%","20.0%","12.5%","22.0%","20.1%","19.8%","19.2%","14.4%","22.8%","18.8%","19.1%","17.1%","12.2%","20.1%","20.7%","20.7%","19.4%","18.0%","22.9%","20.1%","19.7%","17.4%","5.3%","23.7%","21.6%","22.2%","21.6%","14.8%","21.9%","19.4%","19.4%","18.3%","14.4%","22.1%","19.3%","19.3%","18.9%","21.6%","20.7%","20.3%","20.1%","21.8%","19.2%","20.5%","19.6%","19.3%","18.0%","14.4%","22.6%","20.6%","21.0%","19.4%","16.7%","21.6%","21.6%","20.5%","26.0%","11.0%","24.0%","19.2%","19.0%","16.6%","17.5%","22.6%","19.9%","20.1%","17.5%","15.5%","22.0%","19.0%","19.8%","17.7%","14.5%","20.6%","20.5%","20.4%","20.6%","13.1%","21.9%"
"        55 to 59 years","9.2%","9.5%","6.3%","6.8%","9.8%","7.1%","7.3%","5.1%","3.3%","7.4%","9.4%","9.8%","7.9%","7.2%","9.5%","8.9%","9.5%","6.3%","8.9%","8.1%","8.3%","8.7%","5.9%","8.1%","8.1%","7.3%","7.5%","5.7%","7.0%","7.8%","8.2%","8.4%","7.2%","9.1%","8.4%","8.6%","8.9%","6.3%","14.5%","9.2%","10.4%","10.9%","9.9%","8.3%","9.5%","8.9%","9.0%","7.5%","6.5%","9.7%","8.0%","8.5%","6.1%","5.0%","7.3%","8.3%","8.5%","7.3%","6.4%","8.2%","8.1%","8.3%","7.7%","4.9%","8.0%","7.9%","8.4%","6.5%","4.3%","8.3%","9.2%","9.8%","6.6%","1.0%","8.6%","9.1%","9.3%","6.5%","7.3%","10.3%","7.5%","7.7%","5.5%","5.2%","9.4%","7.7%","8.3%","7.3%","3.9%","7.8%","9.5%","9.5%","6.5%","6.2%","11.3%"
"        60 years and over","12.5%","13.0%","8.6%","10.5%","13.1%","10.7%","11.6%","5.0%","12.5%","10.5%","15.1%","15.6%","9.7%","14.5%","16.8%","12.8%","13.7%","10.7%","14.8%","11.2%","12.2%","12.6%","7.6%","17.9%","13.3%","12.0%","12.4%","6.9%","13.4%","13.0%","11.7%","11.9%","8.5%","11.1%","13.5%","14.3%","14.5%","11.9%","6.7%","15.1%","16.8%","16.9%","13.7%","19.2%","18.6%","13.7%","14.2%","10.0%","10.9%","13.9%","12.6%","13.0%","7.7%","4.2%","13.8%","12.5%","12.8%","10.3%","13.4%","12.1%","13.0%","13.4%","7.8%","10.3%","14.5%","12.5%","12.9%","7.7%","7.9%","14.2%","11.1%","12.0%","8.9%","6.3%","9.6%","15.0%","15.4%","9.1%","14.3%","15.8%","11.6%","12.3%","7.7%","12.5%","10.9%","12.2%","13.0%","9.4%","9.1%","12.8%","14.5%","15.1%","8.7%","12.9%","15.6%"
"        Median age (years)","42.0","42.4","38.7","36.9","43.7","39.6","39.8","36.7","31.0","40.6","42.3","42.6","38.8","39.4","45.0","42.0","42.6","39.1","36.4","41.7","40.8","40.9","37.4","38.5","42.8","39.7","40.0","36.4","37.0","41.1","41.0","41.3","39.0","39.4","42.7","41.5","41.6","37.4","33.9","44.0","44.4","45.0","42.7","40.6","45.0","41.4","41.6","39.1","35.0","43.0","40.4","40.5","38.3","35.4","42.1","41.2","41.3","40.0","40.1","42.0","40.6","40.8","36.4","34.8","42.8","41.4","42.0","38.2","34.5","42.9","41.5","41.7","40.5","32.2","41.8","42.0","42.0","37.8","35.8","44.5","40.4","40.7","37.7","39.5","42.3","40.1","41.0","38.5","35.3","41.4","42.5","42.7","38.4","35.2","44.6"
"    SEX","","","","","","","","","","","","","","","","","","","","","","","","","","","","","","","","","","","","","","","","","","","","","","","","","","","","","","","","","","","","","","","","","","","","","","","","","","","","","","","","","","","","","","","","","","","","","","",""
"        Male","51.5%","52.7%","51.0%","54.7%","46.9%","54.7%","56.4%","47.5%","54.9%","51.7%","50.7%","52.2%","45.0%","48.8%","47.6%","52.1%","53.5%","48.7%","58.5%","48.4%","53.8%","55.3%","51.1%","47.5%","48.9%","53.2%","54.3%","50.0%","57.6%","50.1%","54.3%","55.8%","52.4%","50.5%","47.1%","52.2%","54.6%","53.0%","37.2%","42.9%","53.1%","53.7%","50.6%","48.4%","52.2%","51.8%","53.7%","46.4%","54.3%","47.1%","52.8%","53.8%","49.8%","54.1%","50.0%","52.4%","53.4%","48.9%","54.3%","50.0%","54.1%","55.2%","53.3%","59.1%","49.4%","53.0%","54.4%","49.4%","48.1%","49.4%","52.5%","52.8%","55.6%","54.6%","50.8%","50.6%","51.8%","46.6%","56.9%","45.7%","53.4%","55.0%","49.9%","49.6%","47.7%","54.6%","55.8%","53.1%","54.1%","50.1%","52.2%","53.6%","48.9%","52.8%","47.3%"
"        Female","48.5%","47.3%","49.0%","45.3%","53.1%","45.3%","43.6%","52.5%","45.1%","48.3%","49.3%","47.8%","55.0%","51.2%","52.4%","47.9%","46.5%","51.3%","41.5%","51.6%","46.2%","44.7%","48.9%","52.5%","51.1%","46.8%","45.7%","50.0%","42.4%","49.9%","45.7%","44.2%","47.6%","49.5%","52.9%","47.8%","45.4%","47.0%","62.8%","57.1%","46.9%","46.3%","49.4%","51.6%","47.8%","48.2%","46.3%","53.6%","45.7%","52.9%","47.2%","46.2%","50.2%","45.9%","50.0%","47.6%","46.6%","51.1%","45.7%","50.0%","45.9%","44.8%","46.7%","40.9%","50.6%","47.0%","45.6%","50.6%","51.9%","50.6%","47.5%","47.2%","44.4%","45.4%","49.2%","49.4%","48.2%","53.4%","43.1%","54.3%","46.6%","45.0%","50.1%","50.4%","52.3%","45.4%","44.2%","46.9%","45.9%","49.9%","47.8%","46.4%","51.1%","47.2%","52.7%"
"    RACE AND HISPANIC OR LATINO ORIGIN","","","","","","","","","","","","","","","","","","","","","","","","","","","","","","","","","","","","","","","","","","","","","","","","","","","","","","","","","","","","","","","","","","","","","","","","","","","","","","","","","","","","","","","","","","","","","","",""
"        One race","N","N","N","N","N","N","N","N","N","N","N","N","N","N","N","N","N","N","N","N","N","N","N","N","N","N","N","N","N","N","N","N","N","N","N","N","N","N","N","N","N","N","N","N","N","N","N","N","N","N","N","N","N","N","N","N","N","N","N","N","82.0%","81.6%","75.8%","76.5%","86.3%","N","N","N","N","N","N","N","N","N","N","N","N","N","N","N","N","N","N","N","N","88.8%","88.9%","87.0%","87.6%","89.8%","N","N","N","N","N"
"            White","45.2%","47.1%","31.3%","17.7%","49.6%","57.0%","56.0%","47.1%","42.6%","63.9%","55.3%","58.0%","43.6%","18.1%","60.2%","59.6%","63.7%","44.3%","36.6%","54.0%","48.2%","49.4%","32.8%","21.9%","55.0%","67.5%","66.5%","53.4%","52.4%","76.7%","40.0%","40.9%","29.0%","26.1%","47.9%","62.4%","63.9%","49.8%","37.0%","65.8%","34.1%","34.0%","24.4%","16.4%","45.4%","74.3%","76.2%","55.7%","50.0%","80.0%","71.5%","71.9%","57.7%","24.9%","79.3%","47.9%","48.5%","37.1%","19.6%","55.1%","58.4%","58.7%","43.3%","37.1%","66.8%","70.5%","71.3%","58.6%","56.5%","74.7%","59.9%","60.5%","41.5%","33.9%","64.4%","74.2%","75.9%","64.5%","28.5%","76.8%","46.9%","46.9%","38.2%","21.2%","55.1%","58.8%","60.4%","49.6%","45.1%","62.5%","61.1%","62.0%","48.5%","31.6%","67.0%"
"            Black or African American","33.9%","34.1%","30.0%","61.5%","31.5%","7.2%","8.2%","6.7%","8.9%","4.8%","27.4%","25.6%","28.2%","67.2%","24.0%","21.8%","20.0%","18.4%","21.8%","27.5%","16.7%","17.0%","14.8%","38.0%","15.4%","5.0%","5.1%","6.7%","11.0%","3.5%","17.5%","17.4%","13.2%","28.4%","19.5%","19.5%","19.3%","20.9%","49.3%","16.9%","18.6%","19.6%","18.4%","32.3%","10.9%","8.3%","8.0%","13.5%","23.6%","5.0%","14.0%","14.4%","14.1%","57.3%","9.7%","15.5%","15.8%","14.2%","41.3%","12.8%","5.8%","5.5%","6.1%","14.6%","6.1%","3.0%","3.0%","2.9%","7.0%","2.1%","19.0%","20.5%","21.6%","32.4%","13.6%","15.0%","14.0%","17.0%","59.0%","13.4%","6.7%","6.5%","6.3%","22.2%","6.6%","5.9%","6.3%","5.8%","9.7%","4.0%","11.6%","11.2%","12.1%","34.1%","10.6%"
"            American Indian and Alaska Native","0.4%","0.3%","1.1%","0.9%","0.3%","N","N","N","N","N","N","N","N","N","N","0.4%","0.3%","1.8%","0.2%","0.2%","0.7%","0.7%","1.1%","2.3%","0.5%","1.0%","0.9%","2.3%","0.8%","0.7%","1.2%","1.2%","1.7%","1.5%","0.4%","N","N","N","N","N","0.3%","0.2%","0.4%","0.3%","0.3%","0.4%","0.3%","1.1%","2.4%","0.3%","N","N","N","N","N","N","N","N","N","N","2.2%","2.2%","3.2%","3.8%","1.4%","0.8%","0.8%","1.1%","1.5%","0.4%","N","N","N","N","N","N","N","N","N","N","1.5%","1.3%","3.0%","1.1%","1.3%","0.8%","1.0%","0.9%","0.3%","0.4%","0.6%","0.8%","0.7%","0.9%","0.1%"
"            Asian","6.9%","6.1%","9.7%","4.9%","8.5%","8.6%","7.3%","8.5%","14.4%","11.6%","6.5%","5.7%","11.0%","4.8%","7.3%","4.7%","3.8%","6.5%","12.1%","6.5%","8.7%","7.2%","9.2%","9.2%","14.5%","4.7%","4.3%","7.4%","7.7%","4.6%","8.8%","7.9%","12.5%","7.4%","12.4%","4.3%","3.7%","6.6%","2.7%","5.7%","2.7%","2.4%","3.7%","1.2%","3.8%","7.4%","6.5%","12.3%","11.6%","7.5%","3.1%","2.5%","6.0%","4.2%","3.3%","4.6%","4.1%","5.6%","4.7%","6.2%","5.1%","4.6%","6.4%","6.8%","5.9%","8.1%","7.8%","9.9%","8.4%","9.2%","7.4%","6.3%","5.4%","11.3%","10.2%","3.3%","2.8%","5.1%","2.7%","4.0%","3.2%","3.0%","4.5%","0.5%","2.7%","18.0%","15.4%","21.2%","27.1%","20.4%","4.3%","3.8%","5.4%","3.8%","5.4%"
"            Native Hawaiian and Other Pacific Islander","N","N","N","N","N","N","N","N","N","N","N","N","N","N","N","N","N","N","N","N","N","N","N","N","N","N","N","N","N","N","N","N","N","N","N","N","N","N","N","N","N","N","N","N","N","N","N","N","N","N","N","N","N","N","N","N","N","N","N","N","0.2%","0.2%","0.4%","0.0%","0.2%","N","N","N","N","N","N","N","N","N","N","N","N","N","N","N","N","N","N","N","N","0.9%","0.9%","2.4%","0.7%","0.4%","N","N","N","N","N"
"            Some other race","4.9%","4.5%","11.6%","8.0%","2.4%","7.9%","8.2%","15.0%","16.5%","4.5%","4.5%","4.4%","8.1%","6.2%","2.6%","6.2%","5.0%","17.3%","14.1%","5.6%","9.0%","8.9%","18.2%","18.0%","3.8%","7.2%","7.9%","12.7%","8.2%","3.3%","12.2%","12.1%","17.4%","14.1%","6.5%","3.5%","3.4%","5.3%","0.0%","2.7%","9.9%","9.2%","15.3%","18.3%","7.6%","3.3%","3.1%","8.4%","3.1%","1.5%","3.1%","2.9%","9.1%","7.8%","1.6%","11.8%","11.5%","15.7%","16.5%","9.2%","10.1%","10.4%","16.4%","14.2%","5.9%","4.9%","5.0%","8.9%","5.5%","3.3%","5.5%","4.9%","16.8%","17.4%","3.6%","1.4%","1.2%","3.5%","6.9%","0.9%","11.9%","11.6%","16.2%","14.6%","9.5%","4.5%","4.9%","7.1%","4.8%","2.1%","5.9%","5.3%","10.8%","16.0%","4.5%"
"        Two or more races","8.7%","7.9%","16.0%","7.0%","7.7%","18.3%","19.1%","21.9%","17.6%","14.7%","6.1%","5.9%","8.8%","3.6%","5.8%","7.3%","7.1%","11.5%","15.2%","6.3%","16.5%","16.7%","23.7%","10.6%","10.7%","14.4%","15.2%","17.2%","19.6%","11.1%","20.3%","20.4%","26.1%","22.3%","13.4%","10.0%","9.3%","16.9%","10.9%","8.7%","34.4%","34.6%","37.8%","31.3%","31.9%","6.3%","5.9%","8.9%","9.3%","5.7%","7.8%","7.8%","11.8%","5.8%","5.8%","19.7%","19.5%","26.7%","17.8%","16.4%","18.0%","18.4%","24.2%","23.5%","13.7%","12.1%","11.3%","18.5%","20.0%","10.0%","7.9%","7.3%","13.2%","5.1%","8.1%","5.8%","5.8%","9.3%","2.4%","4.9%","29.6%","30.5%","31.5%","40.3%","24.8%","11.2%","11.1%","13.0%","12.4%","10.2%","16.4%","16.7%","22.3%","13.6%","12.4%"
"        Hispanic or Latino origin (of any race)","11.4%","10.5%","26.4%","12.7%","7.2%","30.6%","32.6%","43.5%","34.9%","21.4%","7.9%","7.6%","14.6%","8.6%","5.4%","11.6%","10.1%","29.2%","24.6%","9.2%","28.4%","28.9%","46.6%","30.9%","14.8%","22.3%","24.2%","36.4%","26.0%","12.8%","37.5%","37.9%","52.6%","38.9%","20.9%","11.6%","10.9%","20.0%","13.9%","8.9%","50.0%","50.0%","59.1%","55.3%","43.5%","6.7%","6.2%","14.7%","11.1%","4.4%","8.6%","8.2%","19.7%","13.1%","4.8%","33.6%","33.6%","46.7%","36.2%","25.1%","30.7%","31.2%","45.8%","44.8%","20.2%","13.7%","13.7%","23.8%","23.1%","8.8%","11.0%","9.5%","30.4%","22.5%","9.6%","3.8%","3.5%","8.5%","3.8%","3.2%","54.1%","55.1%","65.4%","62.0%","42.3%","10.9%","11.7%","16.5%","10.8%","6.6%","22.7%","22.5%","35.9%","32.6%","16.0%"
"        White alone, not Hispanic or Latino","43.5%","45.3%","28.9%","17.5%","48.4%","49.9%","48.3%","38.1%","38.2%","58.2%","54.1%","56.8%","41.8%","16.8%","59.2%","58.2%","62.3%","42.3%","34.6%","53.1%","42.8%","43.8%","25.9%","19.7%","51.2%","62.9%","61.6%","45.2%","47.3%","73.9%","33.3%","34.2%","19.4%","20.7%","43.0%","60.2%","61.9%","45.0%","24.7%","64.4%","24.9%","24.7%","14.0%","9.1%","36.4%","73.2%","75.1%","54.1%","48.4%","79.2%","70.1%","70.5%","55.8%","24.5%","78.1%","42.0%","42.2%","30.1%","15.1%","50.9%","52.8%","53.1%","35.9%","30.5%","62.6%","67.9%","68.6%","55.4%","54.0%","72.6%","58.6%","59.4%","39.7%","25.5%","62.8%","73.3%","75.0%","62.9%","28.1%","76.1%","32.9%","32.5%","21.6%","12.2%","44.9%","56.7%","58.1%","46.5%","43.8%","61.0%","57.1%","58.0%","42.0%","28.2%","64.1%"
"    NATIVITY AND CITIZENSHIP STATUS","","","","","","","","","","","","","","","","","","","","","","","","","","","","","","","","","","","","","","","","","","","","","","","","","","","","","","","","","","","","","","","","","","","","","","","","","","","","","","","","","","","","","","","","","","","","","","",""
"        Native","80.3%","81.9%","64.7%","78.7%","83.1%","80.8%","82.0%","72.1%","65.2%","81.9%","84.2%","85.1%","75.8%","85.0%","84.8%","85.1%","87.5%","68.7%","69.7%","84.3%","75.0%","76.5%","61.2%","68.1%","78.5%","85.5%","84.8%","76.4%","77.7%","90.5%","69.1%","70.6%","54.4%","60.9%","75.9%","87.9%","89.5%","78.7%","81.4%","87.3%","49.3%","50.0%","40.3%","40.6%","54.8%","86.5%","87.4%","74.0%","75.9%","90.0%","88.5%","88.9%","76.9%","76.2%","92.9%","74.0%","74.8%","64.6%","48.3%","77.8%","82.6%","83.0%","74.2%","72.0%","86.7%","84.4%","84.9%","75.7%","80.5%","85.9%","82.4%","84.6%","66.9%","71.6%","81.7%","93.0%","93.4%","89.3%","95.9%","93.3%","84.5%","85.1%","74.3%","83.4%","89.0%","74.4%","76.4%","64.5%","67.1%","75.4%","80.4%","81.2%","71.0%","72.7%","83.4%"
"        Foreign born","19.7%","18.1%","35.3%","21.3%","16.9%","19.2%","18.0%","27.9%","34.8%","18.1%","15.8%","14.9%","24.2%","15.0%","15.2%","14.9%","12.5%","31.3%","30.3%","15.7%","25.0%","23.5%","38.8%","31.9%","21.5%","14.5%","15.2%","23.6%","22.3%","9.5%","30.9%","29.4%","45.6%","39.1%","24.1%","12.1%","10.5%","21.3%","18.6%","12.7%","50.7%","50.0%","59.7%","59.4%","45.2%","13.5%","12.6%","26.0%","24.1%","10.0%","11.5%","11.1%","23.1%","23.8%","7.1%","26.0%","25.2%","35.4%","51.7%","22.2%","17.4%","17.0%","25.8%","28.0%","13.3%","15.6%","15.1%","24.3%","19.5%","14.1%","17.6%","15.4%","33.1%","28.4%","18.3%","7.0%","6.6%","10.7%","4.1%","6.7%","15.5%","14.9%","25.7%","16.6%","11.0%","25.6%","23.6%","35.5%","32.9%","24.6%","19.6%","18.8%","29.0%","27.3%","16.6%"
"            Naturalized U.S. citizen","10.6%","10.6%","12.2%","7.6%","10.5%","8.7%","8.6%","8.0%","11.8%","9.7%","9.6%","9.5%","10.2%","6.5%","11.3%","6.4%","6.0%","8.6%","8.9%","7.0%","10.9%","10.8%","11.9%","9.3%","11.4%","6.6%","6.9%","8.4%","9.6%","5.3%","14.3%","14.2%","17.7%","10.6%","14.2%","7.5%","7.5%","8.4%","2.7%","7.1%","30.0%","31.6%","29.7%","20.5%","28.1%","8.1%","8.0%","15.3%","8.6%","6.2%","4.9%","5.1%","7.1%","3.8%","3.3%","14.2%","14.6%","13.6%","12.4%","13.8%","8.3%","8.5%","10.0%","4.1%","7.7%","8.5%","8.5%","11.0%","3.8%","9.0%","8.4%","7.9%","12.0%","0.9%","9.6%","3.9%","4.0%","2.9%","1.0%","4.3%","7.1%","7.1%","8.4%","3.3%","6.5%","12.7%","12.7%","16.4%","12.8%","12.2%","11.0%","11.5%","10.0%","5.6%","10.4%"
"            Not a U.S. citizen","9.1%","7.5%","23.1%","13.7%","6.4%","10.4%","9.4%","19.9%","22.9%","8.5%","6.2%","5.4%","14.0%","8.5%","3.9%","8.5%","6.6%","22.8%","21.4%","8.6%","14.1%","12.8%","26.9%","22.6%","10.1%","7.9%","8.3%","15.3%","12.7%","4.1%","16.6%","15.2%","27.9%","28.5%","9.9%","4.6%","3.0%","12.9%","15.9%","5.6%","20.6%","18.4%","29.9%","38.9%","17.1%","5.3%","4.6%","10.8%","15.4%","3.8%","6.7%","6.1%","16.1%","20.0%","3.8%","11.8%","10.6%","21.8%","39.3%","8.4%","9.0%","8.5%","15.8%","23.8%","5.5%","7.1%","6.6%","13.4%","15.7%","5.1%","9.2%","7.6%","21.1%","27.5%","8.6%","3.1%","2.6%","7.8%","3.1%","2.4%","8.4%","7.8%","17.3%","13.3%","4.5%","12.9%","11.0%","19.1%","20.1%","12.4%","8.6%","7.3%","19.0%","21.7%","6.1%"
"    LANGUAGE SPOKEN AT HOME AND ABILITY TO SPEAK ENGLISH","","","","","","","","","","","","","","","","","","","","","","","","","","","","","","","","","","","","","","","","","","","","","","","","","","","","","","","","","","","","","","","","","","","","","","","","","","","","","","","","","","","","","","","","","","","","","","",""
"        Speak language other than English","20.7%","18.9%","39.1%","23.1%","17.2%","29.2%","29.2%","40.4%","47.2%","24.6%","16.7%","15.3%","27.1%","16.2%","16.1%","17.0%","14.6%","36.3%","34.3%","16.5%","34.2%","33.1%","52.9%","39.7%","26.1%","19.7%","20.5%","35.4%","29.0%","11.8%","42.6%","41.3%","61.3%","50.2%","31.8%","15.6%","14.1%","27.9%","12.7%","14.4%","59.1%","58.6%","70.2%","65.8%","51.6%","16.0%","14.7%","33.0%","24.6%","11.8%","12.6%","12.1%","25.6%","16.0%","8.0%","37.0%","37.0%","49.7%","55.3%","28.3%","26.9%","26.7%","41.6%","43.3%","18.8%","19.5%","19.2%","31.6%","25.5%","15.7%","19.0%","17.0%","36.3%","32.8%","18.5%","8.2%","7.6%","13.8%","5.6%","7.4%","35.4%","35.5%","47.6%","42.0%","26.6%","27.5%","26.7%","37.4%","35.5%","23.1%","25.4%","25.2%","36.9%","31.4%","20.1%"
"            Speak English ""very well""","12.7%","12.0%","14.9%","14.2%","13.5%","20.9%","20.5%","21.1%","27.2%","21.1%","10.8%","10.0%","11.9%","9.2%","13.7%","9.9%","8.7%","15.9%","21.9%","10.6%","21.6%","20.8%","26.0%","24.0%","21.6%","12.6%","12.9%","17.7%","17.9%","9.8%","24.7%","24.2%","29.5%","24.6%","24.3%","10.9%","10.0%","17.0%","9.2%","11.7%","33.3%","33.7%","32.8%","24.3%","34.3%","10.7%","9.8%","18.8%","12.7%","9.4%","6.1%","5.8%","7.4%","2.9%","6.0%","23.1%","23.3%","26.1%","19.6%","21.2%","18.9%","18.7%","25.5%","24.9%","15.8%","12.7%","12.3%","16.5%","12.4%","12.6%","12.9%","11.5%","19.6%","19.0%","14.4%","5.3%","4.8%","6.6%","4.5%","5.4%","25.2%","25.3%","30.0%","26.2%","21.2%","18.4%","17.0%","21.1%","25.4%","18.2%","15.6%","15.7%","17.2%","9.6%","15.7%"
"            Speak English less than ""very well""","8.0%","6.9%","24.2%","8.9%","3.7%","8.3%","8.7%","19.3%","19.9%","3.5%","5.9%","5.3%","15.2%","6.9%","2.4%","7.0%","5.8%","20.5%","12.4%","5.9%","12.5%","12.3%","26.9%","15.7%","4.5%","7.1%","7.7%","17.7%","11.2%","2.0%","17.9%","17.1%","31.8%","25.6%","7.5%","4.6%","4.1%","10.9%","3.5%","2.7%","25.8%","25.0%","37.4%","41.5%","17.4%","5.3%","4.9%","14.3%","11.9%","2.4%","6.5%","6.3%","18.2%","13.1%","2.0%","13.9%","13.7%","23.6%","35.7%","7.0%","8.0%","7.9%","16.1%","18.4%","2.9%","6.8%","6.9%","15.1%","13.1%","3.1%","6.1%","5.5%","16.7%","13.8%","4.1%","3.0%","2.8%","7.2%","1.1%","2.0%","10.2%","10.2%","17.6%","15.8%","5.4%","9.1%","9.7%","16.3%","10.0%","4.9%","9.8%","9.5%","19.7%","21.8%","4.5%"
"EARNINGS IN THE PAST 12 MONTHS (IN 2023 INFLATION-ADJUSTED DOLLARS) FOR WORKERS","","","","","","","","","","","","","","","","","","","","","","","","","","","","","","","","","","","","","","","","","","","","","","","","","","","","","","","","","","","","","","","","","","","","","","","","","","","","","","","","","","","","","","","","","","","","","","",""
"    Workers 16 years and over with earnings","3,197,693","2,144,939","284,855","48,500","609,305","1,362,901","859,619","102,746","12,106","339,753","1,447,674","995,081","105,441","49,824","235,846","1,447,256","964,971","115,728","13,232","310,722","4,174,643","2,915,824","424,777","29,529","687,379","1,687,103","1,077,171","126,109","38,945","377,021","3,636,975","2,617,650","392,329","51,570","459,482","831,540","563,505","74,989","4,146","160,224","3,094,501","2,118,555","300,250","85,239","451,328","2,001,689","1,350,029","152,926","40,985","382,847","1,124,008","806,906","84,422","7,968","195,295","1,414,255","962,009","140,986","14,019","247,248","2,486,452","1,628,553","252,638","29,802","481,822","1,312,719","814,848","103,964","39,703","278,310","797,244","522,377","52,134","4,720","195,326","1,427,138","1,072,313","99,879","16,491","199,092","1,308,134","908,569","149,495","16,647","193,224","2,145,071","1,296,169","178,169","121,245","435,938","1,609,693","1,068,298","148,498","16,844","314,521"
"        $1 to $9,999 or loss","8.7%","8.2%","13.5%","17.5%","5.5%","7.5%","7.5%","11.9%","22.6%","4.3%","7.8%","6.9%","13.0%","11.4%","5.8%","8.1%","8.3%","14.1%","12.0%","4.7%","8.6%","7.9%","14.7%","18.0%","5.4%","6.9%","6.8%","12.7%","7.4%","4.4%","9.1%","8.2%","13.9%","12.8%","6.9%","8.6%","8.3%","12.3%","5.5%","5.4%","7.7%","6.6%","11.0%","15.6%","6.5%","8.4%","7.9%","15.2%","18.3%","4.5%","7.7%","7.2%","13.1%","9.4%","6.3%","8.0%","7.5%","13.2%","20.5%","4.8%","7.9%","7.4%","11.3%","19.4%","5.1%","7.8%","7.0%","12.1%","17.4%","5.0%","8.3%","8.4%","14.5%","25.0%","3.9%","9.0%","8.4%","15.7%","27.3%","4.8%","9.7%","8.8%","14.3%","14.9%","7.0%","6.9%","6.6%","9.5%","8.3%","5.1%","8.2%","7.5%","13.0%","28.4%","6.0%"
"        $10,000 to $14,999","4.5%","4.3%","6.7%","6.9%","3.7%","3.4%","3.3%","5.6%","4.2%","2.8%","3.9%","3.4%","5.3%","9.2%","3.2%","3.9%","4.1%","4.8%","3.1%","2.3%","4.5%","4.4%","6.3%","9.1%","3.0%","3.8%","3.9%","5.3%","3.7%","3.2%","5.1%","5.0%","6.1%","9.2%","3.7%","4.3%","3.9%","6.9%","27.6%","3.5%","4.9%","4.4%","6.2%","10.0%","4.7%","3.8%","3.5%","6.3%","6.9%","2.7%","4.2%","4.2%","6.0%","20.8%","2.8%","4.7%","4.6%","6.3%","9.4%","3.0%","4.5%","4.3%","6.5%","8.8%","3.2%","3.8%","3.7%","4.0%","7.2%","3.1%","4.0%","4.2%","4.8%","13.3%","2.4%","4.4%","4.3%","7.9%","4.3%","2.8%","5.4%","5.4%","6.0%","13.7%","4.0%","3.0%","2.9%","3.8%","5.0%","2.2%","4.9%","4.9%","6.2%","13.2%","3.2%"
"        $15,000 to $24,999","9.7%","9.7%","15.2%","13.0%","5.8%","7.7%","8.4%","13.2%","6.3%","4.0%","7.1%","7.0%","9.6%","12.5%","3.9%","8.2%","8.4%","13.3%","14.8%","5.2%","9.2%","9.3%","13.3%","15.6%","5.3%","6.6%","6.6%","11.1%","13.9%","4.0%","10.8%","10.5%","14.6%","20.4%","7.0%","9.5%","9.7%","13.3%","18.8%","5.8%","11.4%","11.0%","14.3%","18.3%","8.1%","7.1%","7.2%","9.6%","13.2%","4.4%","8.3%","8.6%","12.6%","6.8%","5.1%","10.7%","11.2%","13.9%","17.6%","6.4%","8.5%","8.6%","11.2%","12.6%","5.8%","8.4%","8.4%","10.9%","13.4%","5.5%","7.4%","7.5%","14.1%","30.3%","4.8%","8.7%","8.7%","12.3%","18.5%","5.0%","11.3%","10.7%","14.4%","24.9%","9.5%","6.0%","6.0%","7.8%","7.0%","4.0%","9.5%","9.7%","14.3%","15.5%","5.4%"
"        $25,000 to $34,999","10.1%","10.5%","15.4%","14.3%","5.5%","8.7%","9.5%","13.4%","16.8%","5.0%","8.7%","8.6%","11.3%","16.1%","4.8%","11.4%","11.3%","17.3%","7.4%","9.8%","10.9%","11.4%","15.2%","10.6%","5.4%","7.9%","8.5%","11.0%","10.6%","4.4%","11.3%","11.4%","13.7%","10.2%","7.6%","12.5%","13.0%","18.7%","12.3%","7.9%","14.0%","14.2%","17.4%","18.8%","10.0%","7.7%","8.0%","11.0%","10.8%","4.3%","10.3%","10.7%","14.6%","18.9%","5.7%","13.9%","14.1%","16.7%","20.7%","10.3%","10.3%","10.9%","13.7%","12.5%","5.9%","9.0%","9.1%","11.2%","19.3%","5.5%","8.1%","8.6%","12.6%","7.3%","5.2%","10.3%","10.9%","13.6%","12.5%","5.2%","13.3%","13.3%","15.6%","27.6%","9.1%","7.4%","7.9%","10.9%","6.9%","3.8%","12.7%","13.6%","16.6%","17.3%","7.2%"
"        $35,000 to $49,999","15.7%","16.9%","17.6%","15.0%","11.5%","14.5%","16.2%","17.7%","20.1%","9.2%","13.8%","14.7%","15.7%","17.2%","8.3%","17.5%","18.5%","18.2%","16.1%","14.2%","15.1%","16.0%","16.9%","15.3%","10.1%","14.3%","15.4%","17.1%","19.4%","9.2%","14.9%","15.6%","15.7%","11.4%","10.9%","16.5%","17.9%","16.5%","4.4%","12.2%","17.8%","19.0%","19.4%","15.7%","12.5%","13.9%","14.7%","18.4%","11.3%","9.6%","16.9%","18.1%","17.3%","21.6%","11.5%","18.3%","19.3%","17.8%","14.9%","14.5%","18.0%","18.7%","21.1%","18.8%","14.5%","14.8%","15.7%","18.3%","20.6%","9.9%","14.5%","16.9%","17.1%","5.7%","8.2%","16.7%","17.3%","17.9%","18.5%","13.4%","17.0%","18.3%","15.6%","7.1%","13.9%","13.0%","14.7%","15.7%","14.3%","7.0%","17.9%","19.1%","19.1%","13.1%","14.5%"
"        $50,000 to $64,999","13.6%","14.7%","11.6%","8.0%","11.7%","13.3%","14.2%","14.0%","13.5%","11.2%","13.4%","14.5%","15.0%","9.4%","10.1%","13.7%","14.3%","11.9%","7.6%","13.5%","13.6%","14.1%","12.7%","8.7%","12.7%","14.3%","15.4%","14.6%","15.2%","11.1%","13.1%","13.5%","13.0%","11.8%","11.9%","14.9%","16.1%","13.2%","15.0%","12.2%","13.4%","14.3%","12.5%","8.9%","12.4%","15.3%","16.7%","13.8%","12.3%","12.1%","14.5%","15.0%","13.2%","7.2%","13.3%","14.6%","15.7%","12.7%","4.9%","13.5%","14.9%","15.6%","14.8%","16.5%","13.8%","13.2%","14.0%","15.2%","7.2%","12.2%","13.5%","15.2%","12.1%","2.6%","10.0%","13.9%","14.6%","11.7%","5.3%","12.6%","14.2%","14.6%","15.4%","9.1%","13.3%","11.9%","13.7%","11.3%","9.8%","8.6%","14.1%","15.1%","12.5%","7.4%","12.6%"
"        $65,000 to $74,999","6.2%","6.7%","4.3%","5.8%","5.9%","6.6%","6.9%","4.1%","2.5%","6.7%","7.0%","7.3%","5.6%","4.0%","7.8%","6.6%","6.7%","5.1%","4.8%","7.4%","6.8%","7.2%","5.3%","3.5%","6.4%","6.8%","7.4%","5.1%","4.0%","6.5%","6.6%","7.1%","5.4%","2.7%","6.3%","6.1%","6.5%","4.2%","5.2%","5.9%","5.6%","6.0%","3.7%","2.8%","5.8%","7.8%","8.4%","6.2%","4.6%","7.3%","7.6%","8.0%","6.4%","3.3%","7.5%","5.7%","5.9%","3.5%","2.9%","7.0%","6.6%","6.8%","5.1%","2.1%","7.1%","7.5%","8.0%","5.7%","3.2%","7.6%","6.4%","6.4%","5.0%","6.4%","7.0%","7.3%","7.5%","6.3%","5.1%","7.2%","5.4%","5.8%","4.2%","0.8%","5.7%","6.8%","7.4%","5.9%","8.0%","5.6%","6.3%","6.4%","4.8%","0.5%","7.3%"
"        $75,000 or more","31.5%","29.0%","15.7%","19.5%","50.5%","38.3%","34.1%","20.2%","14.0%","56.8%","38.3%","37.5%","24.3%","20.2%","56.1%","30.5%","28.4%","15.3%","34.3%","42.9%","31.5%","29.5%","15.5%","19.3%","51.6%","39.3%","36.1%","22.9%","25.7%","57.3%","29.2%","28.7%","17.5%","21.4%","45.8%","27.7%","24.6%","14.8%","11.3%","47.3%","25.3%","24.5%","15.7%","9.9%","40.0%","35.8%","33.5%","19.5%","22.5%","55.2%","30.5%","28.1%","16.8%","12.1%","47.8%","24.1%","21.8%","15.8%","9.2%","40.7%","29.3%","27.8%","16.3%","9.4%","44.5%","35.6%","34.2%","22.6%","11.7%","51.1%","37.9%","32.8%","19.7%","9.3%","58.5%","29.8%","28.3%","14.7%","8.5%","49.0%","23.7%","23.2%","14.4%","1.8%","37.5%","45.0%","40.8%","35.0%","40.6%","63.6%","26.4%","23.8%","13.5%","4.6%","43.7%"
"        Median earnings (dollars)","50,722","50,218","34,297","31,992","75,595","58,457","53,776","39,143","35,042","86,196","59,288","58,989","46,109","35,445","84,415","50,502","49,257","35,254","41,899","65,284","51,142","50,555","35,212","32,288","77,013","60,576","58,063","42,320","46,262","84,858","48,226","48,847","35,948","32,067","67,473","47,868","46,639","33,712","23,826","68,814","43,486","45,186","35,537","27,923","60,307","58,240","56,843","40,913","35,777","81,616","51,466","50,596","36,908","31,185","71,056","44,696","43,037","34,857","26,314","61,818","50,423","50,074","40,044","32,892","66,826","56,270","55,815","42,027","30,179","76,826","56,950","52,254","36,922","16,653","86,532","50,540","50,249","35,342","24,875","73,866","42,896","43,750","34,544","23,342","55,550","67,222","62,051","51,300","62,100","100,317","46,426","45,474","34,897","21,738","66,114"
"POVERTY STATUS IN THE PAST 12 MONTHS","","","","","","","","","","","","","","","","","","","","","","","","","","","","","","","","","","","","","","","","","","","","","","","","","","","","","","","","","","","","","","","","","","","","","","","","","","","","","","","","","","","","","","","","","","","","","","",""
"    Workers 16 years and over for whom poverty status is determined","3,183,373","2,140,658","284,083","48,298","607,240","1,353,721","857,559","102,202","11,641","338,563","1,436,553","991,462","104,486","49,674","233,659","1,443,772","963,568","115,448","13,143","310,228","4,160,646","2,910,174","424,131","28,881","686,106","1,684,405","1,076,382","126,001","38,746","376,308","3,631,990","2,615,321","392,285","51,410","458,947","824,843","558,994","74,739","3,844","160,051","3,089,083","2,116,757","299,809","85,217","450,754","1,991,584","1,347,270","152,224","40,787","381,642","1,116,682","804,466","83,841","7,492","194,216","1,408,023","958,839","140,800","14,019","246,278","2,478,493","1,625,763","252,251","29,517","481,074","1,308,724","814,082","103,909","39,321","277,981","794,365","521,841","52,028","4,618","195,079","1,420,677","1,070,695","98,959","16,241","198,411","1,296,277","907,338","149,013","16,647","187,971","2,128,584","1,289,020","176,395","120,556","435,556","1,601,682","1,066,752","148,347","16,844","311,145"
"        Below 100 percent of the poverty level","4.8%","4.3%","7.5%","13.1%","3.1%","5.1%","5.3%","8.1%","19.1%","3.0%","4.0%","3.4%","5.2%","14.0%","2.1%","4.3%","4.2%","7.3%","6.5%","2.7%","4.8%","4.5%","8.0%","15.4%","2.6%","4.0%","4.0%","6.3%","4.8%","2.7%","6.8%","6.4%","8.8%","14.5%","4.5%","5.0%","4.7%","9.1%","7.1%","3.1%","5.2%","4.6%","5.3%","14.4%","4.2%","3.8%","3.3%","6.4%","16.0%","2.4%","4.4%","4.2%","7.2%","8.0%","3.4%","5.4%","5.0%","7.7%","28.8%","3.7%","5.0%","4.6%","6.6%","18.1%","2.7%","4.3%","3.9%","4.7%","11.9%","2.8%","3.8%","4.1%","6.0%","35.1%","1.7%","4.6%","4.1%","8.1%","18.4%","2.3%","6.8%","6.1%","10.8%","21.0%","4.4%","3.7%","3.4%","4.0%","7.4%","2.6%","5.2%","4.6%","7.7%","33.1%","3.6%"
"        100 to 149 percent of the poverty level","4.9%","4.8%","8.8%","10.2%","2.4%","3.9%","4.3%","6.6%","6.8%","1.7%","3.2%","3.2%","3.4%","6.9%","1.1%","4.1%","4.2%","6.9%","8.1%","2.0%","5.0%","4.9%","8.9%","11.0%","2.5%","3.0%","2.9%","6.0%","4.9%","1.8%","5.8%","5.7%","8.3%","11.4%","3.1%","5.2%","5.3%","8.5%","17.7%","2.2%","5.8%","5.5%","7.7%","11.6%","3.9%","3.3%","3.1%","5.8%","6.8%","1.8%","4.5%","4.5%","8.0%","13.0%","2.2%","5.2%","5.0%","6.0%","8.0%","3.9%","4.4%","4.4%","5.5%","14.0%","2.9%","4.2%","4.0%","6.9%","8.8%","2.6%","3.7%","3.7%","7.6%","8.5%","1.9%","4.1%","3.8%","7.1%","8.0%","2.0%","6.3%","6.0%","8.4%","16.7%","4.4%","2.8%","2.8%","4.4%","3.5%","1.5%","4.9%","4.9%","7.1%","8.7%","2.6%"
"        At or above 150 percent of the poverty level","90.2%","90.8%","83.6%","76.7%","94.5%","90.9%","90.4%","85.2%","74.1%","95.4%","92.8%","93.4%","91.4%","79.1%","96.8%","91.6%","91.5%","85.8%","85.4%","95.3%","90.1%","90.6%","83.2%","73.6%","94.9%","93.0%","93.1%","87.7%","90.3%","95.6%","87.3%","87.9%","82.9%","74.1%","92.4%","89.7%","89.9%","82.5%","75.2%","94.7%","89.0%","89.9%","87.0%","74.0%","91.9%","92.9%","93.6%","87.8%","77.2%","95.8%","91.1%","91.3%","84.8%","79.0%","94.4%","89.4%","90.0%","86.4%","63.2%","92.3%","90.7%","91.0%","87.9%","67.9%","94.3%","91.5%","92.1%","88.4%","79.3%","94.7%","92.5%","92.3%","86.4%","56.3%","96.4%","91.4%","92.1%","84.7%","73.6%","95.8%","87.0%","87.9%","80.7%","62.3%","91.1%","93.5%","93.8%","91.6%","89.2%","95.9%","89.9%","90.5%","85.2%","58.2%","93.8%"
"Workers 16 years and over","3,198,121","2,145,215","284,904","48,500","609,408","1,362,972","859,619","102,746","12,106","339,824","1,447,749","995,081","105,441","49,824","235,921","1,447,403","965,118","115,728","13,232","310,722","4,175,270","2,915,925","424,777","29,529","687,812","1,687,286","1,077,222","126,109","38,945","377,021","3,637,465","2,617,934","392,408","51,570","459,609","831,679","563,567","75,027","4,146","160,263","3,094,915","2,118,609","300,250","85,239","451,688","2,001,766","1,350,106","152,926","40,985","382,847","1,124,096","806,994","84,422","7,968","195,295","1,414,255","962,009","140,986","14,019","247,248","2,486,869","1,628,605","252,799","29,802","481,980","1,312,917","814,880","104,025","39,703","278,415","797,244","522,377","52,134","4,720","195,326","1,427,286","1,072,461","99,879","16,491","199,092","1,308,238","908,611","149,495","16,647","193,286","2,145,375","1,296,169","178,223","121,245","436,144","1,609,870","1,068,298","148,498","16,844","314,698"
"    OCCUPATION","","","","","","","","","","","","","","","","","","","","","","","","","","","","","","","","","","","","","","","","","","","","","","","","","","","","","","","","","","","","","","","","","","","","","","","","","","","","","","","","","","","","","","","","","","","","","","",""
"        Management, business, science, and arts occupations","46.5%","43.9%","32.7%","30.4%","65.0%","53.7%","48.4%","36.7%","51.0%","73.1%","51.5%","49.2%","39.3%","37.3%","72.6%","45.7%","43.3%","31.3%","56.7%","58.4%","44.8%","42.3%","30.6%","34.0%","65.2%","51.6%","47.2%","38.3%","48.2%","70.0%","42.4%","41.1%","34.7%","30.5%","60.4%","42.8%","39.9%","34.1%","27.6%","60.9%","39.9%","38.2%","32.5%","22.0%","58.8%","49.7%","46.3%","36.7%","40.4%","69.4%","47.6%","44.7%","36.5%","20.4%","66.2%","42.1%","39.8%","33.2%","24.6%","59.2%","43.3%","40.8%","32.5%","33.4%","60.1%","49.0%","44.7%","36.4%","29.7%","70.6%","55.7%","52.1%","35.4%","35.8%","72.8%","46.6%","45.1%","31.0%","29.9%","65.1%","41.0%","39.9%","33.7%","9.2%","57.4%","52.9%","46.4%","42.4%","57.3%","74.6%","42.6%","39.7%","32.6%","21.0%","60.2%"
"        Service occupations","13.8%","14.5%","20.5%","26.2%","5.7%","12.3%","14.7%","16.3%","21.6%","4.1%","15.1%","14.8%","24.1%","27.4%","6.4%","13.2%","14.2%","18.2%","17.7%","7.2%","13.5%","14.2%","19.6%","23.5%","5.4%","14.0%","15.6%","19.1%","21.1%","5.2%","15.3%","15.2%","19.7%","35.0%","7.1%","14.6%","16.1%","16.7%","30.5%","6.2%","19.3%","19.8%","23.2%","39.8%","8.5%","14.1%","14.6%","21.5%","20.4%","7.0%","13.1%","13.7%","19.2%","39.2%","5.8%","17.8%","19.3%","22.9%","45.3%","6.2%","15.6%","16.9%","18.9%","26.2%","7.2%","14.8%","15.7%","19.4%","28.6%","6.7%","12.0%","13.6%","22.5%","33.8%","3.8%","15.2%","15.8%","22.9%","23.9%","6.3%","17.2%","18.0%","20.8%","43.9%","8.8%","13.8%","15.2%","17.9%","18.7%","5.5%","16.7%","18.6%","22.0%","34.7%","5.8%"
"        Sales and office occupations","20.6%","20.2%","17.3%","19.9%","23.5%","18.3%","18.3%","20.1%","13.0%","18.6%","17.4%","17.8%","15.8%","15.7%","16.8%","20.0%","19.6%","16.5%","14.2%","22.8%","20.2%","19.6%","19.4%","16.1%","23.4%","18.5%","18.3%","18.1%","17.0%","19.2%","19.6%","19.1%","18.1%","19.0%","24.5%","23.2%","22.0%","22.2%","26.3%","27.2%","21.5%","21.4%","20.5%","17.9%","23.9%","17.8%","17.4%","16.1%","21.4%","18.8%","18.9%","18.9%","14.9%","14.4%","21.1%","21.5%","20.8%","19.6%","13.2%","25.1%","21.3%","20.3%","19.8%","17.1%","25.6%","18.2%","18.1%","18.3%","25.3%","17.6%","17.8%","17.9%","14.4%","17.6%","17.5%","19.3%","18.6%","19.3%","19.7%","22.9%","19.9%","18.9%","17.3%","14.3%","25.3%","16.0%","16.8%","15.1%","13.1%","15.7%","22.1%","21.1%","19.4%","18.6%","27.1%"
"        Natural resources, construction, and maintenance occupations","7.0%","7.6%","14.3%","3.9%","2.3%","6.9%","8.2%","12.6%","3.5%","2.0%","6.3%","7.6%","8.0%","3.7%","1.5%","7.5%","7.8%","16.3%","2.5%","3.4%","8.5%","8.9%","15.0%","7.2%","2.2%","7.3%","8.8%","10.4%","4.2%","2.8%","9.8%","10.4%","13.1%","4.3%","3.5%","7.4%","8.7%","8.2%","2.3%","2.5%","8.7%","9.4%","12.0%","10.3%","3.6%","6.2%","7.5%","8.4%","2.3%","1.7%","7.1%","7.6%","11.9%","9.0%","3.4%","7.5%","7.6%","12.1%","8.7%","4.3%","8.1%","9.1%","12.9%","6.9%","2.8%","6.8%","8.4%","11.4%","3.1%","1.9%","6.3%","7.0%","14.2%","2.2%","3.0%","6.9%","7.7%","9.5%","2.5%","2.1%","9.2%","9.8%","14.7%","3.7%","2.7%","7.0%","8.9%","11.5%","3.5%","1.6%","7.5%","8.2%","10.9%","12.4%","3.4%"
"        Production, transportation, and material moving occupations","12.0%","13.7%","14.9%","19.6%","3.5%","8.5%","10.3%","14.1%","10.3%","2.1%","9.1%","9.8%","12.5%","15.9%","2.6%","13.6%","14.9%","17.6%","9.0%","8.1%","13.0%","14.8%","15.3%","19.1%","3.7%","8.4%","9.8%","13.9%","9.4%","2.7%","12.8%","14.0%","14.3%","11.2%","4.4%","10.7%","11.8%","17.9%","9.3%","2.8%","10.5%","11.2%","11.9%","9.9%","5.2%","12.1%","14.1%","17.1%","15.5%","3.0%","13.1%","15.1%","17.5%","17.1%","3.5%","11.0%","12.4%","12.1%","8.2%","5.0%","11.5%","12.8%","15.7%","16.5%","4.1%","11.0%","12.9%","14.2%","13.2%","3.1%","8.0%","9.2%","13.4%","10.6%","2.7%","11.8%","12.6%","17.2%","24.0%","3.6%","11.3%","12.3%","12.6%","28.9%","3.7%","9.4%","11.8%","11.8%","7.1%","2.5%","10.7%","12.0%","14.7%","13.4%","3.3%"
"        Military specific occupations","0.1%","0.1%","0.2%","0.0%","0.0%","0.2%","0.2%","0.2%","0.6%","0.1%","0.6%","0.8%","0.3%","0.1%","0.1%","0.1%","0.1%","0.0%","0.0%","0.1%","0.1%","0.1%","0.1%","0.1%","0.0%","0.2%","0.3%","0.2%","0.0%","0.0%","0.1%","0.2%","0.1%","0.0%","0.0%","1.2%","1.5%","0.8%","4.0%","0.4%","0.1%","0.1%","0.0%","0.0%","0.1%","0.1%","0.1%","0.3%","0.0%","0.0%","0.1%","0.1%","0.0%","0.0%","0.0%","0.1%","0.1%","0.0%","0.0%","0.2%","0.1%","0.1%","0.1%","0.0%","0.1%","0.1%","0.1%","0.2%","0.0%","0.0%","0.2%","0.3%","0.1%","0.0%","0.2%","0.2%","0.2%","0.2%","0.0%","0.1%","1.3%","1.1%","0.8%","0.0%","2.2%","0.8%","1.0%","1.3%","0.3%","0.1%","0.3%","0.4%","0.3%","0.0%","0.1%"
"    INDUSTRY","","","","","","","","","","","","","","","","","","","","","","","","","","","","","","","","","","","","","","","","","","","","","","","","","","","","","","","","","","","","","","","","","","","","","","","","","","","","","","","","","","","","","","","","","","","","","","",""
"        Agriculture, forestry, fishing and hunting, and mining","0.4%","0.3%","0.4%","0.7%","0.3%","0.7%","0.6%","0.5%","0.9%","0.9%","0.3%","0.2%","0.4%","0.3%","0.5%","0.6%","0.6%","0.9%","0.5%","0.4%","0.8%","0.8%","0.5%","3.4%","0.7%","1.1%","1.2%","1.3%","1.8%","0.8%","2.2%","2.5%","1.2%","3.4%","1.7%","0.4%","0.4%","0.0%","0.0%","0.4%","0.6%","0.5%","0.8%","2.2%","0.8%","0.9%","0.8%","1.2%","0.0%","0.9%","0.6%","0.6%","0.5%","0.0%","0.6%","0.4%","0.3%","0.9%","0.1%","0.2%","0.6%","0.6%","0.4%","0.0%","0.5%","1.3%","1.2%","3.6%","1.4%","0.7%","0.8%","0.8%","0.8%","8.5%","0.8%","1.0%","0.8%","1.1%","0.0%","1.6%","1.0%","1.2%","0.5%","0.0%","0.7%","0.5%","0.5%","0.6%","1.2%","0.3%","0.8%","0.6%","0.5%","9.5%","1.3%"
"        Construction","6.8%","7.1%","14.3%","2.5%","3.0%","6.7%","7.8%","11.3%","5.3%","2.7%","5.9%","6.8%","6.4%","3.5%","2.9%","7.0%","6.8%","15.0%","2.8%","4.6%","8.0%","8.4%","14.0%","5.9%","3.0%","7.5%","9.0%","9.8%","4.0%","3.4%","9.1%","9.1%","12.2%","4.2%","6.0%","7.2%","8.0%","10.6%","0.0%","3.5%","8.0%","8.4%","11.2%","7.0%","4.9%","6.0%","7.2%","6.9%","2.1%","2.6%","6.9%","7.4%","10.7%","9.0%","3.6%","7.3%","7.5%","11.2%","4.8%","4.7%","8.1%","8.8%","13.2%","4.9%","3.7%","6.7%","8.0%","8.6%","3.7%","3.4%","7.0%","7.4%","14.7%","0.0%","4.6%","6.0%","6.7%","6.7%","3.4%","2.9%","8.2%","8.5%","13.6%","4.3%","3.9%","6.1%","7.6%","10.9%","1.5%","2.3%","7.1%","8.0%","10.4%","2.6%","3.3%"
"        Manufacturing","7.8%","8.5%","7.0%","5.5%","6.4%","8.8%","9.6%","6.7%","1.9%","7.7%","5.0%","5.5%","4.3%","1.1%","4.9%","10.4%","11.2%","11.2%","4.1%","8.1%","9.2%","9.8%","8.1%","9.3%","7.6%","6.5%","6.8%","6.1%","4.2%","6.2%","9.4%","10.1%","8.4%","6.4%","8.0%","5.4%","5.9%","2.4%","3.9%","5.4%","4.7%","4.9%","4.8%","2.3%","4.3%","13.9%","15.0%","14.2%","5.9%","11.6%","10.2%","10.7%","11.5%","11.5%","8.2%","5.4%","5.2%","4.8%","5.2%","6.7%","8.1%","8.5%","8.3%","5.3%","7.1%","12.4%","13.3%","13.0%","5.2%","11.6%","10.0%","10.2%","10.0%","2.9%","9.8%","10.4%","10.9%","10.8%","9.4%","8.5%","6.6%","7.1%","6.1%","16.7%","3.9%","8.8%","10.2%","8.0%","5.1%","7.2%","5.9%","6.1%","6.8%","0.3%","5.7%"
"        Wholesale trade","2.4%","2.6%","1.7%","0.6%","2.6%","1.7%","1.6%","1.4%","0.0%","2.1%","1.7%","1.8%","1.9%","1.2%","1.6%","2.3%","2.4%","2.1%","0.6%","2.3%","2.3%","2.4%","1.6%","1.0%","2.4%","2.3%","2.4%","1.2%","2.0%","2.6%","2.6%","2.8%","1.9%","1.3%","3.0%","1.9%","1.7%","2.7%","0.0%","2.4%","2.8%","2.7%","2.7%","1.7%","3.7%","2.6%","2.5%","2.8%","2.1%","2.9%","2.3%","2.3%","2.0%","0.5%","2.9%","1.9%","1.9%","2.4%","0.4%","1.7%","2.0%","2.1%","1.8%","0.8%","2.1%","2.5%","2.7%","2.1%","0.4%","2.5%","1.9%","2.1%","1.3%","0.0%","1.7%","2.0%","2.0%","1.7%","2.0%","2.7%","1.7%","1.8%","0.8%","3.0%","2.1%","2.0%","2.3%","2.7%","0.9%","1.3%","2.2%","2.1%","1.8%","1.5%","2.8%"
"        Retail trade","11.0%","11.8%","12.6%","13.1%","6.5%","10.0%","11.0%","15.8%","7.2%","5.9%","9.0%","9.4%","10.3%","11.6%","4.7%","10.9%","11.9%","13.6%","7.6%","6.7%","10.9%","11.5%","12.2%","12.1%","7.2%","9.5%","10.4%","12.2%","11.1%","5.6%","10.2%","10.6%","11.3%","7.3%","7.2%","12.0%","12.7%","15.0%","26.0%","7.1%","10.8%","11.1%","11.2%","12.2%","7.8%","10.1%","10.3%","13.1%","12.3%","6.8%","10.5%","11.3%","10.5%","8.3%","7.1%","11.5%","12.3%","10.7%","10.8%","8.5%","11.4%","11.7%","13.3%","10.1%","8.8%","11.5%","12.2%","13.6%","17.1%","5.9%","9.6%","10.7%","10.6%","15.7%","5.5%","10.6%","10.7%","16.7%","20.9%","6.7%","11.4%","11.6%","11.1%","10.4%","9.1%","10.7%","11.1%","10.7%","12.2%","8.1%","11.5%","12.6%","11.6%","6.9%","6.6%"
"        Transportation and warehousing, and utilities","7.5%","8.5%","6.2%","10.0%","4.3%","4.6%","5.6%","4.6%","1.9%","2.5%","5.4%","5.8%","5.5%","6.6%","3.1%","6.9%","7.4%","5.4%","5.0%","5.8%","7.4%","8.2%","7.0%","8.7%","4.3%","5.3%","6.1%","7.2%","7.5%","2.3%","7.3%","7.9%","6.2%","9.5%","4.5%","6.2%","6.9%","6.0%","0.0%","3.8%","8.0%","8.6%","7.8%","4.6%","5.6%","4.7%","5.6%","3.7%","7.3%","2.2%","6.1%","7.3%","4.7%","13.9%","1.7%","7.0%","7.5%","5.7%","1.0%","5.5%","5.8%","6.4%","5.0%","7.0%","4.3%","5.3%","6.3%","4.7%","4.2%","3.0%","3.9%","4.5%","3.9%","5.4%","2.2%","5.5%","6.0%","4.5%","8.5%","3.2%","5.3%","5.6%","5.2%","3.7%","3.5%","5.6%","6.9%","5.4%","4.4%","3.0%","5.3%","5.7%","6.4%","7.6%","2.9%"
"        Information and finance and insurance, and real estate and rental and leasing","10.0%","8.6%","4.7%","6.0%","18.1%","10.9%","9.1%","5.8%","5.2%","18.0%","7.4%","6.7%","3.1%","4.3%","13.1%","13.3%","10.9%","7.6%","31.4%","22.3%","11.8%","9.8%","6.5%","7.6%","23.6%","11.1%","9.3%","6.8%","7.7%","18.8%","7.1%","6.2%","4.4%","3.6%","15.8%","12.9%","9.6%","7.4%","2.8%","27.9%","10.3%","9.0%","7.4%","6.5%","18.8%","9.8%","7.7%","6.3%","12.1%","18.4%","9.3%","7.8%","5.3%","1.6%","17.5%","8.8%","6.7%","6.5%","4.5%","18.0%","12.2%","9.4%","6.9%","8.2%","25.1%","7.4%","5.3%","4.4%","5.2%","15.1%","10.2%","9.0%","5.3%","5.4%","15.1%","9.9%","8.2%","5.3%","1.7%","22.4%","9.3%","7.7%","4.9%","3.6%","20.5%","9.4%","7.4%","6.3%","8.9%","16.4%","11.7%","9.2%","7.2%","5.7%","22.8%"
"        Professional, scientific, management, and administrative and waste management services","16.4%","12.6%","11.4%","14.0%","32.5%","19.7%","14.3%","13.2%","13.6%","36.1%","15.8%","13.2%","11.0%","13.6%","30.1%","13.9%","11.0%","8.8%","22.2%","24.7%","14.6%","11.6%","10.2%","15.1%","30.1%","18.1%","13.4%","11.6%","15.8%","34.2%","14.2%","11.6%","12.4%","17.4%","29.3%","13.4%","10.2%","9.4%","18.4%","26.4%","15.1%","12.7%","14.0%","17.2%","27.2%","12.6%","9.8%","8.7%","11.4%","24.5%","13.1%","10.3%","9.4%","6.2%","26.9%","15.3%","12.5%","12.0%","11.5%","29.1%","13.2%","10.9%","10.6%","18.5%","22.7%","13.9%","10.2%","8.4%","13.5%","27.9%","20.9%","14.6%","13.4%","16.3%","40.0%","12.6%","10.5%","10.2%","14.1%","25.3%","12.1%","9.8%","10.1%","8.1%","25.6%","18.4%","13.0%","14.5%","21.9%","34.2%","15.9%","12.1%","14.6%","7.7%","30.1%"
"        Educational services, and health care and social assistance","20.0%","22.1%","19.3%","18.6%","12.7%","18.9%","20.7%","20.8%","38.4%","12.8%","26.0%","27.7%","27.0%","26.7%","18.5%","18.9%","20.8%","17.5%","11.1%","14.2%","19.7%","21.1%","21.5%","18.9%","12.4%","20.1%","22.1%","21.8%","18.4%","13.7%","21.5%","22.5%","22.6%","22.4%","15.6%","19.8%","21.4%","22.6%","16.5%","14.0%","20.4%","22.0%","21.0%","18.9%","14.6%","24.3%","25.5%","25.0%","24.5%","18.5%","23.4%","24.3%","23.9%","29.2%","18.1%","19.2%","21.3%","18.3%","13.2%","13.2%","20.9%","22.3%","22.2%","21.8%","15.4%","22.3%","24.0%","22.3%","20.1%","18.0%","19.3%","22.3%","20.6%","21.7%","10.9%","24.8%","26.3%","23.9%","22.1%","16.3%","23.0%","24.1%","26.2%","15.2%","17.6%","20.5%","22.1%","22.1%","22.1%","14.7%","20.6%","22.8%","20.0%","10.3%","15.5%"
"        Arts, entertainment, and recreation, and accommodation and food services","8.6%","8.5%","12.9%","20.1%","4.5%","7.9%","8.7%","10.6%","16.7%","3.3%","7.8%","7.1%","14.7%","15.6%","3.6%","7.8%","8.5%","9.5%","11.8%","4.5%","7.8%","8.1%","11.1%","13.6%","3.4%","9.2%","9.8%","13.8%","17.8%","3.9%","8.3%","8.2%","11.4%","17.3%","2.8%","8.9%","9.4%","13.3%","14.2%","3.0%","10.4%","10.4%","11.7%","18.0%","5.8%","7.3%","7.5%","11.0%","13.2%","3.0%","9.1%","9.1%","15.2%","14.2%","5.0%","15.8%","17.0%","19.0%","38.1%","7.1%","8.7%","9.6%","9.6%","14.0%","3.5%","8.2%","8.2%","11.3%","20.9%","3.4%","7.1%","7.7%","11.5%","17.3%","3.2%","8.2%","8.3%","12.1%","14.2%","3.4%","9.6%","10.0%","11.4%","26.8%","3.6%","8.2%","8.4%","10.0%","13.3%","3.9%","9.1%","9.7%","11.1%","23.0%","3.9%"
"        Other services (except public administration)","4.9%","5.1%","6.3%","4.9%","3.7%","4.4%","4.9%","5.0%","0.8%","2.9%","4.7%","4.6%","6.7%","3.2%","4.1%","4.9%","4.9%","6.1%","2.5%","4.4%","4.7%","5.0%","4.8%","1.3%","3.4%","4.7%","4.9%","5.2%","3.5%","3.8%","5.0%","5.1%","6.0%","4.0%","3.7%","4.8%","5.2%","5.2%","10.5%","3.0%","5.6%","5.8%","5.2%","6.6%","4.6%","4.4%","4.6%","4.5%","5.4%","3.8%","4.8%","5.0%","4.0%","2.9%","4.6%","4.5%","4.4%","6.4%","9.7%","3.1%","4.6%","5.1%","4.8%","6.8%","3.1%","4.5%","4.7%","5.2%","5.6%","3.7%","4.3%","4.8%","4.3%","4.7%","3.1%","5.0%","5.2%","4.3%","1.1%","3.6%","4.4%","4.4%","5.2%","5.3%","3.6%","4.4%","4.7%","4.7%","2.9%","3.8%","5.3%","5.8%","6.0%","23.6%","3.0%"
"        Public administration","4.1%","4.0%","2.9%","3.8%","5.3%","5.5%","5.9%","4.0%","7.5%","5.0%","9.9%","9.6%","8.1%","12.2%","12.8%","2.8%","3.3%","2.1%","0.4%","1.8%","2.7%","3.0%","2.2%","3.1%","1.8%","4.3%","4.3%","2.9%","5.4%","4.8%","2.9%","3.2%","1.7%","3.1%","2.4%","4.7%","5.5%","3.8%","3.8%","2.6%","3.2%","3.8%","2.1%","2.8%","1.9%","3.5%","3.5%","2.3%","3.7%","4.6%","3.6%","3.7%","2.3%","2.8%","3.8%","2.8%","3.2%","2.3%","0.6%","1.9%","4.1%","4.4%","3.8%","2.4%","3.6%","3.7%","3.7%","2.5%","2.7%","4.8%","4.7%","5.6%","3.2%","2.1%","2.8%","3.6%","3.9%","2.3%","1.4%","3.2%","4.7%","5.5%","3.1%","3.0%","2.8%","3.8%","3.9%","1.9%","5.1%","4.4%","3.9%","4.8%","3.2%","1.3%","2.1%"
"        Armed forces","0.2%","0.2%","0.2%","0.3%","0.1%","0.3%","0.3%","0.3%","0.6%","0.2%","1.2%","1.5%","0.6%","0.1%","0.2%","0.1%","0.1%","0.0%","0.0%","0.1%","0.2%","0.2%","0.2%","0.1%","0.0%","0.4%","0.5%","0.2%","0.9%","0.0%","0.2%","0.2%","0.1%","0.0%","0.1%","2.4%","3.0%","1.7%","4.0%","0.4%","0.1%","0.2%","0.0%","0.0%","0.1%","0.1%","0.1%","0.3%","0.0%","0.0%","0.1%","0.1%","0.0%","0.0%","0.0%","0.1%","0.1%","0.0%","0.0%","0.2%","0.3%","0.3%","0.2%","0.0%","0.1%","0.2%","0.3%","0.3%","0.0%","0.0%","0.4%","0.4%","0.2%","0.0%","0.2%","0.5%","0.5%","0.4%","1.2%","0.1%","2.7%","2.7%","1.8%","0.0%","3.1%","1.5%","1.8%","2.2%","0.4%","0.2%","0.5%","0.7%","0.4%","0.0%","0.1%"
"    CLASS OF WORKER","","","","","","","","","","","","","","","","","","","","","","","","","","","","","","","","","","","","","","","","","","","","","","","","","","","","","","","","","","","","","","","","","","","","","","","","","","","","","","","","","","","","","","","","","","","","","","",""
"        Private wage and salary workers","81.9%","81.6%","79.5%","85.1%","83.5%","78.2%","77.8%","76.0%","59.5%","81.3%","73.8%","73.1%","74.6%","76.1%","73.1%","84.7%","83.9%","84.6%","87.6%","86.5%","82.5%","82.2%","79.6%","85.8%","85.3%","81.4%","81.1%","79.2%","80.6%","83.0%","80.9%","80.8%","78.6%","86.7%","82.4%","79.8%","78.2%","78.3%","74.2%","86.4%","82.5%","82.9%","82.8%","81.1%","80.2%","82.5%","82.2%","82.6%","81.7%","83.6%","81.2%","81.8%","76.8%","93.7%","80.3%","85.2%","84.9%","84.1%","95.2%","86.3%","81.7%","81.3%","79.7%","74.4%","84.5%","81.1%","81.1%","80.0%","85.3%","80.6%","81.9%","80.2%","83.2%","80.3%","86.7%","83.4%","83.2%","82.8%","90.3%","83.8%","75.8%","75.3%","74.0%","85.5%","78.5%","80.3%","80.0%","81.6%","80.0%","80.6%","82.9%","81.9%","80.8%","90.6%","86.2%"
"        Government workers","12.2%","13.2%","12.0%","11.8%","8.8%","15.0%","16.1%","17.6%","35.8%","9.9%","21.7%","23.0%","19.2%","22.7%","19.7%","10.2%","11.9%","10.1%","9.5%","5.7%","11.5%","12.6%","13.0%","11.8%","5.7%","13.1%","14.3%","15.2%","17.2%","8.7%","12.4%","13.4%","13.3%","10.8%","7.0%","15.2%","17.3%","15.2%","11.4%","7.6%","9.8%","11.0%","9.5%","11.4%","4.6%","12.6%","13.6%","12.0%","17.1%","9.3%","12.0%","12.7%","15.1%","4.4%","7.4%","9.5%","10.5%","9.6%","2.8%","5.6%","12.3%","13.6%","13.5%","15.2%","7.4%","12.8%","13.9%","14.6%","11.2%","9.3%","13.3%","15.7%","13.1%","15.2%","6.4%","11.6%","12.6%","11.3%","7.6%","7.2%","17.6%","19.0%","19.1%","6.8%","11.4%","14.5%","15.6%","13.5%","18.1%","10.4%","11.1%","12.7%","12.1%","8.8%","6.0%"
"        Self-employed workers in own not incorporated business","5.7%","5.0%","8.0%","3.0%","7.5%","6.6%","6.0%","6.3%","4.5%","8.5%","4.4%","3.8%","6.1%","1.1%","6.6%","4.9%","4.1%","5.2%","1.1%","7.7%","5.9%","5.1%","7.2%","2.2%","8.6%","5.3%","4.5%","5.6%","2.2%","8.1%","6.4%","5.6%","7.6%","2.5%","10.2%","4.8%","4.4%","6.1%","14.3%","5.9%","7.5%","6.0%","7.4%","7.1%","14.9%","4.7%","4.1%","5.3%","1.2%","7.0%","6.7%","5.3%","7.7%","1.8%","12.1%","5.2%","4.5%","6.2%","2.0%","7.8%","5.8%","5.0%","6.6%","8.8%","7.9%","6.0%","4.9%","5.0%","3.4%","9.9%","4.8%","4.1%","3.7%","4.5%","6.8%","4.9%","4.1%","5.7%","1.9%","8.8%","6.4%","5.5%","6.9%","7.2%","10.0%","5.1%","4.3%","4.7%","1.9%","8.7%","5.8%","5.3%","6.9%","0.6%","7.6%"
"        Unpaid family workers","0.2%","0.2%","0.5%","0.2%","0.2%","0.2%","0.1%","0.2%","0.2%","0.3%","0.2%","0.1%","0.1%","0.1%","0.6%","0.2%","0.1%","0.1%","1.8%","0.2%","0.2%","0.1%","0.2%","0.2%","0.3%","0.2%","0.1%","0.1%","0.0%","0.3%","0.2%","0.2%","0.5%","0.0%","0.3%","0.2%","0.2%","0.3%","0.0%","0.1%","0.2%","0.1%","0.2%","0.5%","0.3%","0.1%","0.1%","0.1%","0.0%","0.1%","0.2%","0.2%","0.3%","0.0%","0.2%","0.2%","0.1%","0.1%","0.0%","0.3%","0.2%","0.1%","0.2%","1.6%","0.2%","0.1%","0.1%","0.5%","0.0%","0.2%","0.0%","0.0%","0.0%","0.0%","0.1%","0.2%","0.1%","0.2%","0.1%","0.2%","0.2%","0.2%","0.0%","0.5%","0.1%","0.2%","0.1%","0.2%","0.0%","0.3%","0.2%","0.2%","0.3%","0.0%","0.2%"
"    PLACE OF WORK","","","","","","","","","","","","","","","","","","","","","","","","","","","","","","","","","","","","","","","","","","","","","","","","","","","","","","","","","","","","","","","","","","","","","","","","","","","","","","","","","","","","","","","","","","","","","","",""
"        Worked in state of residence","99.0%","99.0%","98.8%","95.8%","100.0%","99.5%","99.4%","99.6%","99.9%","100.0%","95.8%","95.3%","97.3%","82.3%","100.0%","93.8%","92.0%","93.2%","93.2%","100.0%","99.4%","99.4%","99.6%","98.5%","100.0%","99.2%","99.2%","98.9%","97.7%","100.0%","99.2%","99.2%","99.2%","98.6%","100.0%","98.2%","98.0%","97.3%","96.2%","100.0%","99.1%","99.1%","99.5%","98.6%","100.0%","97.9%","97.3%","97.7%","99.8%","100.0%","98.9%","98.8%","98.3%","99.0%","100.0%","99.0%","99.1%","98.5%","97.4%","100.0%","99.1%","99.1%","99.1%","98.2%","100.0%","94.0%","91.6%","93.7%","97.9%","100.0%","99.2%","99.1%","99.2%","97.9%","100.0%","93.9%","92.9%","91.5%","94.3%","100.0%","99.3%","99.3%","99.3%","99.5%","100.0%","99.5%","99.6%","99.1%","99.5%","100.0%","98.9%","99.0%","98.4%","98.2%","100.0%"
"            Worked in county of residence","60.2%","49.5%","52.9%","53.5%","100.0%","78.9%","70.7%","72.6%","93.4%","100.0%","59.9%","50.0%","56.2%","53.6%","100.0%","74.1%","65.9%","69.3%","89.3%","100.0%","72.9%","65.9%","73.5%","76.1%","100.0%","59.8%","46.7%","51.1%","37.7%","100.0%","78.4%","74.2%","76.8%","90.1%","100.0%","80.0%","74.0%","78.7%","86.9%","100.0%","87.3%","84.8%","85.2%","87.3%","100.0%","63.6%","52.7%","57.9%","68.2%","100.0%","69.5%","61.4%","68.3%","94.5%","100.0%","73.7%","67.4%","68.9%","74.4%","100.0%","94.3%","93.0%","92.7%","97.8%","100.0%","76.3%","67.7%","71.9%","79.3%","100.0%","78.1%","69.9%","72.4%","91.8%","100.0%","63.3%","56.2%","61.2%","63.3%","100.0%","83.4%","79.4%","84.4%","91.3%","100.0%","84.8%","79.3%","79.6%","87.9%","100.0%","82.2%","77.0%","79.3%","95.9%","100.0%"
"            Worked outside county of residence","38.7%","49.5%","45.9%","42.2%","(X)","20.6%","28.7%","27.0%","6.5%","(X)","35.9%","45.3%","41.1%","28.7%","(X)","19.6%","26.1%","23.9%","3.9%","(X)","26.5%","33.4%","26.1%","22.4%","(X)","39.4%","52.5%","47.7%","60.0%","(X)","20.8%","24.9%","22.4%","8.6%","(X)","18.3%","24.1%","18.6%","9.3%","(X)","11.7%","14.2%","14.3%","11.2%","(X)","34.2%","44.5%","39.8%","31.5%","(X)","29.4%","37.4%","30.0%","4.5%","(X)","25.3%","31.7%","29.6%","23.0%","(X)","4.8%","6.1%","6.4%","0.4%","(X)","17.7%","24.0%","21.7%","18.6%","(X)","21.1%","29.3%","26.8%","6.1%","(X)","30.6%","36.8%","30.3%","31.0%","(X)","15.9%","19.9%","14.8%","8.2%","(X)","14.7%","20.3%","19.5%","11.7%","(X)","16.7%","22.0%","19.1%","2.3%","(X)"
"        Worked outside state of residence","1.0%","1.0%","1.2%","4.2%","(X)","0.5%","0.6%","0.4%","0.1%","(X)","4.2%","4.7%","2.7%","17.7%","(X)","6.2%","8.0%","6.8%","6.8%","(X)","0.6%","0.6%","0.4%","1.5%","(X)","0.8%","0.8%","1.1%","2.3%","(X)","0.8%","0.8%","0.8%","1.4%","(X)","1.8%","2.0%","2.7%","3.8%","(X)","0.9%","0.9%","0.5%","1.4%","(X)","2.1%","2.7%","2.3%","0.2%","(X)","1.1%","1.2%","1.7%","1.0%","(X)","1.0%","0.9%","1.5%","2.6%","(X)","0.9%","0.9%","0.9%","1.8%","(X)","6.0%","8.4%","6.3%","2.1%","(X)","0.8%","0.9%","0.8%","2.1%","(X)","6.1%","7.1%","8.5%","5.7%","(X)","0.7%","0.7%","0.7%","0.5%","(X)","0.5%","0.4%","0.9%","0.5%","(X)","1.1%","1.0%","1.6%","1.8%","(X)"
"Workers 16 years and over who did not work from home","2,588,713","2,145,215","284,904","48,500","(X)","1,023,148","859,619","102,746","12,106","(X)","1,211,828","995,081","105,441","49,824","(X)","1,136,681","965,118","115,728","13,232","(X)","3,487,458","2,915,925","424,777","29,529","(X)","1,310,265","1,077,222","126,109","38,945","(X)","3,177,856","2,617,934","392,408","51,570","(X)","671,416","563,567","75,027","4,146","(X)","2,643,227","2,118,609","300,250","85,239","(X)","1,618,919","1,350,106","152,926","40,985","(X)","928,801","806,994","84,422","7,968","(X)","1,167,007","962,009","140,986","14,019","(X)","2,004,889","1,628,605","252,799","29,802","(X)","1,034,502","814,880","104,025","39,703","(X)","601,918","522,377","52,134","4,720","(X)","1,228,194","1,072,461","99,879","16,491","(X)","1,114,952","908,611","149,495","16,647","(X)","1,709,231","1,296,169","178,223","121,245","(X)","1,295,172","1,068,298","148,498","16,844","(X)"
"    TIME OF DEPARTURE TO GO TO WORK","","","","","","","","","","","","","","","","","","","","","","","","","","","","","","","","","","","","","","","","","","","","","","","","","","","","","","","","","","","","","","","","","","","","","","","","","","","","","","","","","","","","","","","","","","","","","","",""
"        12:00 a.m. to 4:59 a.m.","4.9%","4.9%","4.0%","8.2%","(X)","4.1%","4.0%","4.9%","4.1%","(X)","4.8%","4.8%","4.9%","7.0%","(X)","4.0%","3.9%","3.6%","2.2%","(X)","4.8%","4.8%","4.7%","3.8%","(X)","4.8%","4.8%","3.4%","8.5%","(X)","6.1%","6.2%","5.5%","3.5%","(X)","4.6%","4.5%","4.7%","14.8%","(X)","4.4%","4.0%","4.3%","7.0%","(X)","4.7%","4.6%","5.4%","3.4%","(X)","5.0%","5.0%","5.3%","1.2%","(X)","5.0%","5.1%","4.2%","0.5%","(X)","9.6%","9.4%","11.2%","9.0%","(X)","4.8%","4.7%","5.9%","3.8%","(X)","3.4%","3.4%","2.6%","0.6%","(X)","4.7%","4.6%","6.0%","3.7%","(X)","5.4%","5.3%","2.9%","6.6%","(X)","6.4%","6.7%","7.1%","2.7%","(X)","5.0%","5.4%","3.5%","4.2%","(X)"
"        5:00 a.m. to 5:29 a.m.","3.8%","3.7%","4.8%","4.0%","(X)","3.4%","3.3%","3.9%","2.9%","(X)","4.2%","4.4%","4.3%","3.9%","(X)","3.3%","3.3%","4.1%","0.0%","(X)","4.4%","4.3%","5.4%","6.4%","(X)","3.7%","3.8%","3.2%","5.2%","(X)","5.1%","5.2%","4.3%","4.9%","(X)","4.0%","4.5%","1.7%","3.6%","(X)","3.0%","3.0%","2.7%","4.7%","(X)","3.6%","3.8%","3.7%","1.7%","(X)","4.1%","4.4%","2.9%","8.7%","(X)","3.6%","3.4%","4.6%","13.1%","(X)","6.0%","5.6%","8.3%","6.1%","(X)","3.7%","4.0%","3.1%","3.3%","(X)","2.9%","3.0%","2.8%","5.8%","(X)","3.9%","3.9%","3.6%","7.7%","(X)","4.7%","4.6%","4.5%","11.0%","(X)","4.1%","4.1%","4.5%","6.0%","(X)","3.5%","3.4%","3.7%","3.2%","(X)"
"        5:30 a.m. to 5:59 a.m.","4.0%","4.0%","4.4%","3.7%","(X)","4.9%","4.7%","7.2%","1.5%","(X)","4.5%","4.5%","3.0%","7.8%","(X)","4.2%","4.3%","4.6%","2.6%","(X)","4.8%","4.8%","5.2%","5.7%","(X)","4.4%","4.6%","3.5%","2.6%","(X)","5.5%","5.4%","5.8%","11.3%","(X)","5.3%","5.5%","5.2%","0.0%","(X)","2.9%","3.1%","2.6%","2.9%","(X)","4.4%","4.5%","5.3%","2.6%","(X)","4.6%","4.8%","4.5%","0.7%","(X)","4.0%","4.1%","3.6%","1.9%","(X)","5.8%","5.9%","5.7%","8.9%","(X)","4.4%","4.6%","3.8%","5.7%","(X)","3.4%","3.3%","6.4%","0.7%","(X)","5.1%","5.3%","4.0%","5.5%","(X)","5.5%","5.6%","5.2%","3.7%","(X)","5.2%","5.6%","4.9%","2.3%","(X)","4.6%","4.7%","4.6%","3.9%","(X)"
"        6:00 a.m. to 6:29 a.m.","9.3%","9.4%","9.6%","10.8%","(X)","7.4%","7.8%","6.7%","3.9%","(X)","8.4%","8.7%","7.7%","9.5%","(X)","7.9%","8.0%","9.0%","6.1%","(X)","9.2%","9.0%","10.8%","13.5%","(X)","8.3%","8.4%","9.1%","10.7%","(X)","11.0%","11.2%","10.9%","10.0%","(X)","9.2%","9.3%","7.6%","10.4%","(X)","8.2%","7.8%","10.1%","13.7%","(X)","7.8%","7.9%","8.3%","6.9%","(X)","10.9%","11.0%","11.8%","14.4%","(X)","9.7%","9.3%","12.5%","11.5%","(X)","9.2%","9.4%","9.3%","8.4%","(X)","8.4%","8.8%","8.5%","5.9%","(X)","8.2%","8.5%","8.1%","9.4%","(X)","9.3%","9.4%","10.2%","13.3%","(X)","9.1%","9.0%","10.1%","17.5%","(X)","8.0%","8.6%","7.1%","7.6%","(X)","8.8%","8.6%","9.7%","15.5%","(X)"
"        6:30 a.m. to 6:59 a.m.","8.6%","8.7%","9.8%","6.1%","(X)","8.8%","9.1%","9.0%","6.1%","(X)","9.2%","9.1%","11.9%","10.3%","(X)","10.4%","10.8%","9.5%","3.0%","(X)","9.2%","9.4%","9.4%","6.9%","(X)","10.2%","10.4%","10.5%","11.4%","(X)","9.9%","9.8%","12.8%","7.3%","(X)","11.0%","11.0%","11.1%","8.1%","(X)","8.0%","8.2%","8.4%","8.3%","(X)","10.4%","10.7%","9.7%","10.9%","(X)","10.2%","10.4%","10.8%","9.8%","(X)","7.5%","7.5%","8.4%","7.0%","(X)","9.2%","9.3%","10.7%","9.0%","(X)","9.1%","9.4%","9.6%","6.4%","(X)","8.8%","9.0%","9.0%","1.1%","(X)","10.0%","10.3%","8.2%","10.8%","(X)","10.1%","10.1%","13.1%","4.1%","(X)","9.1%","9.6%","9.4%","6.8%","(X)","9.6%","9.9%","10.2%","2.8%","(X)"
"        7:00 a.m. to 7:29 a.m.","14.2%","14.4%","14.8%","12.3%","(X)","13.4%","13.1%","19.1%","9.6%","(X)","14.7%","14.8%","15.3%","18.0%","(X)","16.3%","16.3%","19.5%","14.0%","(X)","15.3%","15.6%","15.0%","14.0%","(X)","15.2%","15.4%","15.4%","13.0%","(X)","14.8%","15.1%","14.5%","14.7%","(X)","15.5%","16.0%","16.5%","3.5%","(X)","14.9%","14.9%","17.3%","16.9%","(X)","14.2%","14.8%","11.8%","15.0%","(X)","16.5%","16.2%","20.4%","14.5%","(X)","14.3%","14.7%","12.9%","17.5%","(X)","12.8%","13.0%","12.2%","13.3%","(X)","13.0%","13.9%","12.0%","8.4%","(X)","14.4%","14.8%","13.9%","14.0%","(X)","14.9%","15.1%","14.6%","13.8%","(X)","14.5%","15.0%","14.8%","8.0%","(X)","11.9%","12.3%","11.2%","11.9%","(X)","15.5%","15.9%","16.4%","9.7%","(X)"
"        7:30 a.m. to 7:59 a.m.","10.3%","10.8%","8.0%","7.7%","(X)","11.4%","12.2%","8.0%","7.0%","(X)","10.4%","11.2%","9.8%","3.4%","(X)","12.6%","13.1%","8.9%","22.3%","(X)","10.4%","10.9%","8.5%","7.8%","(X)","12.2%","12.4%","12.4%","7.4%","(X)","9.4%","10.0%","6.8%","5.4%","(X)","11.4%","11.9%","8.3%","11.8%","(X)","9.2%","9.4%","9.3%","7.5%","(X)","13.0%","13.6%","9.7%","8.9%","(X)","9.9%","10.2%","6.3%","2.3%","(X)","9.9%","10.2%","8.8%","7.9%","(X)","9.2%","9.5%","8.2%","3.5%","(X)","12.2%","12.4%","13.0%","10.0%","(X)","13.3%","13.6%","12.4%","0.0%","(X)","12.9%","13.5%","9.5%","7.1%","(X)","10.5%","10.8%","10.9%","4.2%","(X)","9.8%","9.7%","11.1%","10.4%","(X)","9.4%","9.7%","8.9%","0.5%","(X)"
"        8:00 a.m. to 8:29 a.m.","13.3%","13.6%","11.9%","10.5%","(X)","13.4%","13.4%","11.8%","16.4%","(X)","13.2%","13.8%","10.7%","6.6%","(X)","12.9%","13.0%","10.5%","19.0%","(X)","12.3%","12.7%","9.1%","12.0%","(X)","12.9%","13.1%","10.3%","13.1%","(X)","11.3%","11.4%","9.5%","12.8%","(X)","10.8%","11.1%","9.3%","7.4%","(X)","15.5%","16.0%","12.9%","11.5%","(X)","11.5%","11.5%","9.9%","9.5%","(X)","10.7%","10.9%","9.1%","13.4%","(X)","12.0%","12.2%","10.2%","14.7%","(X)","10.3%","10.9%","7.2%","7.4%","(X)","11.9%","12.1%","8.7%","11.7%","(X)","14.1%","14.0%","12.5%","16.3%","(X)","11.1%","11.3%","7.2%","11.5%","(X)","10.5%","11.3%","6.3%","10.9%","(X)","12.1%","11.7%","10.9%","16.1%","(X)","12.4%","12.2%","11.5%","14.2%","(X)"
"        8:30 a.m. to 8:59 a.m.","5.8%","5.7%","5.6%","4.0%","(X)","6.7%","6.8%","4.1%","4.9%","(X)","6.2%","6.5%","5.9%","2.0%","(X)","6.0%","5.9%","5.4%","9.1%","(X)","5.6%","5.7%","4.5%","4.5%","(X)","5.4%","5.7%","4.8%","2.2%","(X)","4.9%","4.9%","5.3%","1.1%","(X)","4.7%","5.0%","2.4%","2.0%","(X)","6.5%","6.7%","5.8%","3.5%","(X)","5.8%","5.8%","4.6%","6.7%","(X)","4.4%","4.2%","5.7%","1.1%","(X)","5.9%","6.1%","4.0%","2.1%","(X)","4.5%","4.6%","3.3%","2.9%","(X)","5.9%","5.6%","5.3%","5.9%","(X)","7.6%","7.7%","5.9%","3.7%","(X)","5.4%","5.5%","3.4%","4.4%","(X)","5.0%","5.2%","3.6%","1.2%","(X)","6.9%","6.4%","6.6%","9.9%","(X)","5.7%","5.9%","4.6%","3.9%","(X)"
"        9:00 a.m. to 11:59 p.m.","25.8%","24.7%","27.0%","32.6%","(X)","26.5%","25.7%","25.4%","43.6%","(X)","24.4%","22.3%","26.5%","31.5%","(X)","22.4%","21.5%","24.8%","21.8%","(X)","23.9%","23.0%","27.5%","25.7%","(X)","22.9%","21.5%","27.4%","25.9%","(X)","21.9%","20.8%","24.5%","29.0%","(X)","23.4%","21.1%","33.0%","38.5%","(X)","27.3%","26.9%","26.7%","24.1%","(X)","24.6%","22.8%","31.6%","34.3%","(X)","23.6%","22.9%","23.1%","34.2%","(X)","28.1%","27.4%","30.8%","23.7%","(X)","23.5%","22.4%","23.8%","31.5%","(X)","26.5%","24.5%","30.1%","38.9%","(X)","23.9%","22.8%","26.5%","48.4%","(X)","22.6%","21.1%","33.3%","22.1%","(X)","24.7%","23.2%","28.6%","32.8%","(X)","26.6%","25.2%","27.3%","26.4%","(X)","25.6%","24.3%","26.9%","42.2%","(X)"
"    TRAVEL TIME TO WORK","","","","","","","","","","","","","","","","","","","","","","","","","","","","","","","","","","","","","","","","","","","","","","","","","","","","","","","","","","","","","","","","","","","","","","","","","","","","","","","","","","","","","","","","","","","","","","",""
"        Less than 10 minutes","7.1%","6.1%","7.7%","6.4%","(X)","10.0%","8.9%","10.4%","1.6%","(X)","8.3%","7.1%","9.6%","0.5%","(X)","9.4%","8.2%","10.5%","9.1%","(X)","9.5%","8.7%","9.7%","4.9%","(X)","9.4%","8.3%","11.2%","2.5%","(X)","7.6%","6.9%","7.5%","1.2%","(X)","9.0%","8.0%","9.2%","12.4%","(X)","6.8%","5.9%","6.2%","2.2%","(X)","11.4%","10.2%","12.0%","4.2%","(X)","9.4%","8.4%","11.0%","0.0%","(X)","6.8%","5.8%","6.3%","10.2%","(X)","10.0%","9.2%","7.9%","9.2%","(X)","12.0%","10.6%","11.0%","1.6%","(X)","8.9%","8.0%","9.1%","0.6%","(X)","11.5%","10.3%","14.6%","0.7%","(X)","8.9%","8.1%","8.4%","6.2%","(X)","8.8%","8.1%","8.1%","2.1%","(X)","9.3%","8.6%","7.7%","0.0%","(X)"
"        10 to 14 minutes","9.9%","9.3%","11.7%","1.5%","(X)","11.8%","11.0%","15.2%","10.7%","(X)","10.2%","9.9%","11.7%","2.8%","(X)","11.0%","11.0%","8.9%","4.8%","(X)","11.0%","10.5%","12.8%","6.5%","(X)","10.5%","10.1%","12.0%","1.7%","(X)","9.9%","9.8%","9.5%","3.3%","(X)","11.5%","10.9%","13.9%","25.9%","(X)","10.2%","10.0%","10.6%","4.3%","(X)","13.2%","12.9%","16.3%","5.1%","(X)","11.3%","11.1%","13.0%","3.4%","(X)","9.7%","9.2%","10.5%","6.1%","(X)","11.2%","11.1%","11.4%","2.0%","(X)","13.3%","13.4%","14.1%","2.7%","(X)","11.6%","10.8%","14.1%","4.1%","(X)","12.4%","12.2%","15.1%","4.1%","(X)","11.4%","11.3%","11.9%","5.3%","(X)","10.8%","10.8%","11.2%","3.8%","(X)","11.0%","10.3%","13.1%","9.4%","(X)"
"        15 to 19 minutes","11.9%","11.7%","13.3%","4.3%","(X)","15.0%","15.1%","14.7%","4.0%","(X)","13.3%","13.4%","13.1%","3.7%","(X)","15.0%","15.1%","15.3%","6.4%","(X)","13.6%","13.5%","15.1%","7.0%","(X)","13.9%","14.2%","15.4%","1.8%","(X)","13.2%","12.9%","14.9%","9.3%","(X)","13.8%","13.9%","14.6%","1.9%","(X)","13.6%","13.5%","14.8%","5.9%","(X)","17.8%","17.8%","18.9%","11.2%","(X)","14.6%","15.0%","13.2%","10.8%","(X)","13.0%","12.6%","14.8%","4.5%","(X)","14.6%","14.6%","15.7%","6.7%","(X)","16.3%","16.9%","17.8%","8.0%","(X)","15.7%","16.1%","12.5%","13.1%","(X)","16.6%","16.7%","15.1%","18.7%","(X)","16.1%","16.3%","15.7%","5.7%","(X)","14.0%","14.3%","14.9%","5.9%","(X)","14.9%","14.6%","17.3%","17.3%","(X)"
"        20 to 24 minutes","13.3%","13.6%","13.3%","5.1%","(X)","14.6%","15.0%","14.3%","11.3%","(X)","14.3%","15.1%","10.7%","9.6%","(X)","14.6%","14.8%","16.2%","10.9%","(X)","14.1%","14.2%","15.0%","8.1%","(X)","15.7%","16.7%","13.3%","7.8%","(X)","13.4%","14.0%","11.7%","7.2%","(X)","15.9%","16.0%","16.6%","11.5%","(X)","15.5%","16.1%","14.1%","9.7%","(X)","16.5%","17.2%","14.9%","12.2%","(X)","14.2%","14.3%","15.1%","7.3%","(X)","14.6%","14.8%","15.2%","11.0%","(X)","16.1%","16.7%","15.0%","9.7%","(X)","16.1%","17.1%","13.8%","9.4%","(X)","14.5%","14.8%","11.8%","10.3%","(X)","15.8%","16.5%","11.3%","7.6%","(X)","15.4%","16.0%","14.8%","6.0%","(X)","14.4%","15.5%","12.4%","8.6%","(X)","12.5%","12.7%","13.5%","9.8%","(X)"
"        25 to 29 minutes","6.8%","7.2%","5.6%","3.2%","(X)","6.2%","6.8%","3.9%","7.4%","(X)","7.7%","8.1%","7.3%","6.1%","(X)","9.0%","9.2%","9.4%","9.6%","(X)","7.2%","7.4%","7.2%","0.5%","(X)","8.3%","8.9%","6.9%","3.2%","(X)","7.1%","7.2%","8.2%","4.2%","(X)","9.0%","9.1%","10.3%","6.2%","(X)","7.0%","7.3%","6.4%","5.1%","(X)","9.0%","9.6%","7.4%","6.8%","(X)","6.6%","7.0%","4.6%","0.3%","(X)","8.8%","9.2%","7.2%","0.0%","(X)","8.3%","8.7%","7.2%","1.1%","(X)","7.7%","8.3%","6.3%","6.4%","(X)","9.1%","9.6%","6.1%","13.8%","(X)","8.5%","8.9%","6.8%","4.6%","(X)","7.7%","8.4%","5.2%","0.9%","(X)","7.5%","7.9%","7.0%","6.6%","(X)","7.3%","7.6%","6.0%","3.8%","(X)"
"        30 to 34 minutes","16.6%","17.1%","15.5%","15.3%","(X)","15.6%","16.1%","14.7%","17.8%","(X)","16.7%","16.8%","19.5%","18.3%","(X)","15.5%","15.5%","17.4%","14.3%","(X)","16.5%","17.0%","15.2%","19.7%","(X)","17.2%","17.9%","15.8%","11.4%","(X)","16.6%","17.0%","15.9%","16.0%","(X)","17.8%","18.8%","13.6%","8.2%","(X)","17.5%","17.9%","18.4%","16.7%","(X)","13.5%","13.7%","13.6%","17.2%","(X)","14.6%","15.1%","10.4%","20.4%","(X)","18.1%","18.8%","16.3%","17.1%","(X)","15.7%","16.1%","15.3%","19.7%","(X)","13.2%","13.2%","15.2%","16.4%","(X)","15.5%","16.1%","14.5%","20.1%","(X)","14.7%","15.1%","14.2%","7.5%","(X)","16.8%","16.7%","19.7%","10.6%","(X)","14.8%","15.2%","13.8%","15.5%","(X)","15.5%","15.8%","15.7%","17.5%","(X)"
"        35 to 44 minutes","9.4%","10.0%","8.8%","5.2%","(X)","8.7%","9.3%","7.4%","5.3%","(X)","9.1%","9.7%","8.1%","7.5%","(X)","8.4%","8.9%","6.8%","10.2%","(X)","8.4%","8.7%","7.7%","10.1%","(X)","8.8%","9.1%","9.1%","9.6%","(X)","9.4%","9.6%","9.6%","7.1%","(X)","8.6%","9.2%","6.5%","3.5%","(X)","8.9%","9.3%","8.7%","7.3%","(X)","7.5%","8.0%","4.4%","11.4%","(X)","10.0%","10.0%","12.6%","11.7%","(X)","10.5%","10.8%","10.5%","9.0%","(X)","8.3%","8.8%","7.6%","11.1%","(X)","7.6%","7.7%","9.2%","7.9%","(X)","8.9%","9.1%","11.4%","7.6%","(X)","8.2%","8.5%","8.7%","2.6%","(X)","7.5%","7.4%","8.4%","6.9%","(X)","9.2%","9.2%","9.2%","13.5%","(X)","9.1%","9.8%","5.8%","5.8%","(X)"
"        45 to 59 minutes","12.1%","12.6%","11.4%","15.2%","(X)","10.5%","10.7%","11.0%","21.2%","(X)","10.1%","10.5%","9.9%","12.0%","(X)","9.9%","10.1%","9.2%","10.9%","(X)","10.6%","11.0%","8.6%","17.3%","(X)","9.4%","9.1%","8.1%","26.6%","(X)","11.7%","12.0%","10.9%","14.1%","(X)","9.0%","9.0%","8.0%","24.9%","(X)","10.1%","10.3%","10.6%","11.8%","(X)","6.7%","6.5%","7.6%","16.3%","(X)","10.5%","10.4%","11.5%","23.7%","(X)","10.0%","10.3%","9.8%","12.9%","(X)","9.1%","9.0%","11.3%","10.4%","(X)","7.1%","7.3%","5.9%","15.1%","(X)","9.1%","9.1%","11.4%","18.9%","(X)","7.0%","7.1%","7.8%","14.4%","(X)","8.4%","8.7%","8.3%","8.9%","(X)","9.8%","9.4%","10.9%","18.4%","(X)","10.1%","10.6%","9.2%","12.3%","(X)"
"        60 or more minutes","12.8%","12.3%","12.7%","43.7%","(X)","7.4%","7.2%","8.5%","20.7%","(X)","10.4%","9.5%","10.1%","39.6%","(X)","7.2%","7.1%","6.4%","23.8%","(X)","9.2%","9.2%","8.8%","25.9%","(X)","6.8%","5.6%","8.2%","35.5%","(X)","11.2%","10.7%","11.8%","37.7%","(X)","5.4%","5.1%","7.2%","5.6%","(X)","10.4%","9.7%","10.2%","37.0%","(X)","4.3%","4.1%","4.8%","15.7%","(X)","8.8%","8.7%","8.5%","22.4%","(X)","8.6%","8.3%","9.4%","29.1%","(X)","6.8%","5.9%","8.7%","30.1%","(X)","6.7%","5.6%","6.7%","32.5%","(X)","6.6%","6.3%","9.2%","11.4%","(X)","5.2%","4.6%","6.4%","40.0%","(X)","7.8%","7.1%","7.6%","49.4%","(X)","10.7%","9.5%","12.4%","25.5%","(X)","10.3%","10.0%","11.6%","24.2%","(X)"
"        Mean travel time to work (minutes)","31.6","31.6","31.1","53.4","(X)","27.2","27.5","26.8","38.1","(X)","29.7","29.4","29.7","54.9","(X)","27.3","27.5","26.7","37.2","(X)","28.4","28.7","27.0","43.9","(X)","27.3","26.8","27.3","51.1","(X)","30.5","30.5","30.6","47.7","(X)","26.3","26.5","25.4","30.5","(X)","29.5","29.1","30.0","48.2","(X)","23.8","23.9","23.6","37.0","(X)","28.3","28.5","28.5","40.6","(X)","29.3","29.4","29.6","42.8","(X)","26.7","26.3","28.6","44.2","(X)","25.2","24.7","26.2","45.7","(X)","26.6","26.5","29.5","36.3","(X)","24.9","24.8","25.1","52.0","(X)","27.4","27.2","27.8","54.9","(X)","29.2","28.6","30.0","42.3","(X)","29.4","29.4","30.2","43.5","(X)"
"Workers 16 years and over in households","3,180,420","2,139,065","283,545","48,026","607,123","1,352,026","857,089","102,132","11,193","338,219","1,435,256","991,375","104,183","49,424","233,567","1,442,774","963,360","115,329","12,907","310,226","4,158,436","2,909,608","423,812","28,616","686,049","1,683,153","1,076,261","125,967","38,205","376,024","3,629,994","2,614,918","392,149","51,138","458,713","824,366","558,691","74,694","3,812","160,015","3,084,276","2,116,049","299,500","83,081","449,435","1,987,207","1,346,459","151,261","38,950","381,367","1,116,023","804,095","83,657","7,492","194,198","1,407,133","958,815","140,701","13,566","246,107","2,475,300","1,625,052","252,084","28,329","481,059","1,305,945","813,935","103,898","37,976","277,223","793,765","521,761","51,855","4,475","195,041","1,418,938","1,070,464","98,592","16,167","197,776","1,294,907","906,767","148,858","16,476","187,952","2,123,691","1,288,565","175,552","118,917","434,460","1,593,804","1,066,579","148,220","12,086","308,494"
"    HOUSING TENURE","","","","","","","","","","","","","","","","","","","","","","","","","","","","","","","","","","","","","","","","","","","","","","","","","","","","","","","","","","","","","","","","","","","","","","","","","","","","","","","","","","","","","","","","","","","","","","",""
"        Owner-occupied housing units","70.2%","71.5%","61.9%","41.2%","74.8%","60.2%","59.8%","56.2%","21.4%","66.2%","72.1%","73.9%","67.0%","44.2%","80.1%","67.9%","70.1%","63.3%","37.6%","66.8%","63.6%","64.0%","57.4%","28.7%","70.4%","65.0%","65.3%","57.8%","38.3%","72.4%","65.2%","66.3%","60.1%","35.6%","72.0%","68.5%","69.9%","58.9%","48.4%","71.2%","61.4%","63.5%","55.3%","35.2%","66.6%","75.2%","76.0%","71.5%","44.2%","81.1%","67.3%","67.1%","60.6%","27.2%","76.4%","62.1%","62.6%","58.0%","28.6%","68.4%","66.6%","66.9%","59.8%","40.2%","72.6%","64.2%","65.6%","58.5%","36.3%","71.5%","67.3%","67.3%","59.8%","27.9%","72.6%","75.4%","76.4%","67.1%","33.9%","81.6%","66.4%","67.3%","61.4%","22.2%","74.1%","62.1%","64.3%","60.7%","38.5%","68.5%","67.1%","67.9%","61.3%","26.1%","72.4%"
"        Renter-occupied housing units","29.8%","28.5%","38.1%","58.8%","25.2%","39.8%","40.2%","43.8%","78.6%","33.8%","27.9%","26.1%","33.0%","55.8%","19.9%","32.1%","29.9%","36.7%","62.4%","33.2%","36.4%","36.0%","42.6%","71.3%","29.6%","35.0%","34.7%","42.2%","61.7%","27.6%","34.8%","33.7%","39.9%","64.4%","28.0%","31.5%","30.1%","41.1%","51.6%","28.8%","38.6%","36.5%","44.7%","64.8%","33.4%","24.8%","24.0%","28.5%","55.8%","18.9%","32.7%","32.9%","39.4%","72.8%","23.6%","37.9%","37.4%","42.0%","71.4%","31.6%","33.4%","33.1%","40.2%","59.8%","27.4%","35.8%","34.4%","41.5%","63.7%","28.5%","32.7%","32.7%","40.2%","72.1%","27.4%","24.6%","23.6%","32.9%","66.1%","18.4%","33.6%","32.7%","38.6%","77.8%","25.9%","37.9%","35.7%","39.3%","61.5%","31.5%","32.9%","32.1%","38.7%","73.9%","27.6%"
"    VEHICLES AVAILABLE","","","","","","","","","","","","","","","","","","","","","","","","","","","","","","","","","","","","","","","","","","","","","","","","","","","","","","","","","","","","","","","","","","","","","","","","","","","","","","","","","","","","","","","","","","","","","","",""
"        No vehicle available","2.9%","1.5%","5.2%","29.8%","1.9%","2.9%","1.6%","5.0%","36.8%","2.4%","4.8%","1.8%","4.0%","44.6%","2.7%","2.4%","1.1%","4.5%","21.4%","2.8%","2.4%","1.4%","3.2%","27.5%","2.7%","3.4%","1.8%","3.0%","30.0%","2.8%","3.0%","1.5%","4.9%","32.7%","3.1%","2.9%","1.5%","2.6%","65.2%","3.1%","3.6%","1.6%","3.0%","29.6%","3.1%","2.9%","1.4%","4.5%","25.6%","2.5%","2.1%","1.4%","3.4%","33.9%","1.8%","2.9%","1.5%","4.0%","24.5%","2.7%","2.8%","1.8%","3.2%","26.8%","2.5%","3.9%","1.2%","2.5%","31.4%","4.1%","1.5%","0.7%","3.0%","22.5%","1.5%","3.1%","1.9%","5.0%","35.6%","2.9%","3.0%","1.4%","4.0%","49.6%","2.7%","5.4%","2.0%","4.3%","25.6%","5.5%","2.6%","1.4%","3.5%","31.9%","2.6%"
"        1 vehicle available","21.2%","19.3%","21.1%","30.7%","25.1%","24.6%","22.9%","19.3%","31.6%","29.9%","23.3%","23.0%","23.7%","25.5%","23.4%","21.0%","19.3%","21.9%","28.8%","24.6%","21.8%","20.5%","21.4%","29.7%","26.0%","21.9%","19.3%","23.2%","31.2%","25.9%","22.0%","21.0%","20.7%","30.3%","24.7%","23.3%","21.3%","30.3%","4.8%","28.0%","25.2%","23.1%","24.7%","34.7%","30.3%","20.9%","19.5%","20.3%","38.7%","22.5%","20.7%","19.2%","22.1%","14.9%","24.2%","22.1%","20.7%","22.2%","38.2%","25.1%","20.4%","19.0%","17.5%","30.0%","24.4%","22.9%","20.2%","21.1%","31.1%","27.1%","19.3%","18.2%","18.4%","20.0%","21.5%","21.0%","20.3%","20.8%","38.5%","21.3%","22.1%","21.1%","22.3%","26.1%","23.9%","24.2%","20.6%","23.9%","39.3%","28.5%","25.1%","23.0%","24.7%","40.6%","29.8%"
"        2 vehicles available","40.3%","40.6%","33.7%","26.9%","45.7%","44.3%","44.9%","36.8%","19.1%","47.5%","40.3%","41.4%","35.0%","15.3%","47.0%","43.0%","42.8%","38.3%","26.8%","47.6%","41.5%","42.2%","34.9%","25.7%","45.0%","41.2%","41.7%","37.8%","24.2%","44.8%","41.4%","42.6%","36.3%","24.5%","44.4%","44.7%","45.5%","37.7%","15.8%","47.4%","42.3%","44.1%","39.3%","21.5%","43.9%","44.1%","44.6%","37.7%","22.6%","49.1%","41.6%","41.6%","38.5%","31.6%","45.1%","45.3%","46.7%","38.7%","22.7%","47.5%","40.4%","40.8%","35.1%","21.4%","44.6%","41.3%","42.6%","40.6%","22.8%","43.8%","45.9%","44.4%","46.7%","22.7%","50.8%","42.8%","43.4%","38.4%","20.2%","46.4%","40.8%","41.7%","36.5%","14.0%","46.3%","38.9%","40.6%","36.0%","21.2%","42.6%","44.9%","46.0%","43.0%","21.8%","45.9%"
"        3 or more vehicles available","35.6%","38.5%","40.0%","12.5%","27.4%","28.2%","30.6%","38.9%","12.5%","20.2%","31.6%","33.7%","37.4%","14.6%","26.9%","33.6%","36.7%","35.2%","23.1%","25.1%","34.4%","35.9%","40.5%","17.1%","26.3%","33.6%","37.1%","36.0%","14.5%","26.5%","33.6%","34.9%","38.2%","12.5%","27.8%","29.1%","31.7%","29.4%","14.2%","21.5%","28.9%","31.2%","33.0%","14.2%","22.7%","32.1%","34.5%","37.5%","13.0%","25.9%","35.6%","37.8%","36.0%","19.6%","28.9%","29.8%","31.1%","35.1%","14.6%","24.6%","36.5%","38.4%","44.2%","21.8%","28.5%","31.9%","36.0%","35.8%","14.8%","25.0%","33.3%","36.7%","31.9%","34.8%","26.2%","33.1%","34.4%","35.7%","5.7%","29.4%","34.1%","35.8%","37.2%","10.3%","27.1%","31.5%","36.8%","35.9%","14.0%","23.3%","27.4%","29.6%","28.8%","5.7%","21.6%"
"PERCENT ALLOCATED","","","","","","","","","","","","","","","","","","","","","","","","","","","","","","","","","","","","","","","","","","","","","","","","","","","","","","","","","","","","","","","","","","","","","","","","","","","","","","","","","","","","","","","","","","","","","","",""
"    Means of transportation to work","16.6%","(X)","(X)","(X)","(X)","14.0%","(X)","(X)","(X)","(X)","14.1%","(X)","(X)","(X)","(X)","14.6%","(X)","(X)","(X)","(X)","15.4%","(X)","(X)","(X)","(X)","14.5%","(X)","(X)","(X)","(X)","16.4%","(X)","(X)","(X)","(X)","15.1%","(X)","(X)","(X)","(X)","15.2%","(X)","(X)","(X)","(X)","12.1%","(X)","(X)","(X)","(X)","14.8%","(X)","(X)","(X)","(X)","15.7%","(X)","(X)","(X)","(X)","18.1%","(X)","(X)","(X)","(X)","12.8%","(X)","(X)","(X)","(X)","12.1%","(X)","(X)","(X)","(X)","13.0%","(X)","(X)","(X)","(X)","15.1%","(X)","(X)","(X)","(X)","12.6%","(X)","(X)","(X)","(X)","14.1%","(X)","(X)","(X)","(X)"
"    Time of departure to go to work","32.0%","(X)","(X)","(X)","(X)","27.3%","(X)","(X)","(X)","(X)","29.5%","(X)","(X)","(X)","(X)","30.6%","(X)","(X)","(X)","(X)","29.8%","(X)","(X)","(X)","(X)","28.6%","(X)","(X)","(X)","(X)","31.1%","(X)","(X)","(X)","(X)","30.6%","(X)","(X)","(X)","(X)","29.8%","(X)","(X)","(X)","(X)","24.8%","(X)","(X)","(X)","(X)","29.0%","(X)","(X)","(X)","(X)","30.6%","(X)","(X)","(X)","(X)","32.8%","(X)","(X)","(X)","(X)","27.0%","(X)","(X)","(X)","(X)","27.0%","(X)","(X)","(X)","(X)","26.4%","(X)","(X)","(X)","(X)","27.0%","(X)","(X)","(X)","(X)","26.5%","(X)","(X)","(X)","(X)","28.8%","(X)","(X)","(X)","(X)"
"    Travel time to work","25.4%","(X)","(X)","(X)","(X)","21.7%","(X)","(X)","(X)","(X)","21.8%","(X)","(X)","(X)","(X)","22.7%","(X)","(X)","(X)","(X)","23.3%","(X)","(X)","(X)","(X)","21.6%","(X)","(X)","(X)","(X)","24.9%","(X)","(X)","(X)","(X)","22.9%","(X)","(X)","(X)","(X)","23.9%","(X)","(X)","(X)","(X)","17.8%","(X)","(X)","(X)","(X)","22.9%","(X)","(X)","(X)","(X)","23.6%","(X)","(X)","(X)","(X)","26.3%","(X)","(X)","(X)","(X)","18.6%","(X)","(X)","(X)","(X)","19.5%","(X)","(X)","(X)","(X)","18.8%","(X)","(X)","(X)","(X)","22.0%","(X)","(X)","(X)","(X)","18.8%","(X)","(X)","(X)","(X)","22.2%","(X)","(X)","(X)","(X)"
"    Vehicles available","2.4%","(X)","(X)","(X)","(X)","2.6%","(X)","(X)","(X)","(X)","1.7%","(X)","(X)","(X)","(X)","1.9%","(X)","(X)","(X)","(X)","2.1%","(X)","(X)","(X)","(X)","1.7%","(X)","(X)","(X)","(X)","2.2%","(X)","(X)","(X)","(X)","2.1%","(X)","(X)","(X)","(X)","2.4%","(X)","(X)","(X)","(X)","2.2%","(X)","(X)","(X)","(X)","3.1%","(X)","(X)","(X)","(X)","2.0%","(X)","(X)","(X)","(X)","2.5%","(X)","(X)","(X)","(X)","1.8%","(X)","(X)","(X)","(X)","2.0%","(X)","(X)","(X)","(X)","2.0%","(X)","(X)","(X)","(X)","2.2%","(X)","(X)","(X)","(X)","1.8%","(X)","(X)","(X)","(X)","1.9%","(X)","(X)","(X)","(X)"